-- MySQL dump 10.13  Distrib 5.5.40, for debian-linux-gnu (x86_64)
--
-- Host: localhost    Database: order
-- ------------------------------------------------------
-- Server version	5.5.40-0ubuntu0.14.04.1

/*!40101 SET @OLD_CHARACTER_SET_CLIENT=@@CHARACTER_SET_CLIENT */;
/*!40101 SET @OLD_CHARACTER_SET_RESULTS=@@CHARACTER_SET_RESULTS */;
/*!40101 SET @OLD_COLLATION_CONNECTION=@@COLLATION_CONNECTION */;
/*!40101 SET NAMES utf8 */;
/*!40103 SET @OLD_TIME_ZONE=@@TIME_ZONE */;
/*!40103 SET TIME_ZONE='+00:00' */;
/*!40014 SET @OLD_UNIQUE_CHECKS=@@UNIQUE_CHECKS, UNIQUE_CHECKS=0 */;
/*!40014 SET @OLD_FOREIGN_KEY_CHECKS=@@FOREIGN_KEY_CHECKS, FOREIGN_KEY_CHECKS=0 */;
/*!40101 SET @OLD_SQL_MODE=@@SQL_MODE, SQL_MODE='NO_AUTO_VALUE_ON_ZERO' */;
/*!40111 SET @OLD_SQL_NOTES=@@SQL_NOTES, SQL_NOTES=0 */;

--
-- Table structure for table `UUID_user`
--

DROP TABLE IF EXISTS `UUID_user`;
/*!40101 SET @saved_cs_client     = @@character_set_client */;
/*!40101 SET character_set_client = utf8 */;
CREATE TABLE `UUID_user` (
  `UUID` text COLLATE utf8_bin NOT NULL,
  `userID` int(11) NOT NULL,
  `push_token` text COLLATE utf8_bin
) ENGINE=InnoDB DEFAULT CHARSET=utf8 COLLATE=utf8_bin;
/*!40101 SET character_set_client = @saved_cs_client */;

--
-- Dumping data for table `UUID_user`
--

LOCK TABLES `UUID_user` WRITE;
/*!40000 ALTER TABLE `UUID_user` DISABLE KEYS */;
INSERT INTO `UUID_user` VALUES ('3381E8A9-00A4-4B2E-8314-CEAADF020DA3',117,NULL),('657E1110-D53B-4CBE-8998-015EE1985A77',123,'80944db0495dd26ed8ad5e057a357953350d71037fb07a1f2b9df8b2244c98b2'),('F31346AE-3BBA-41B6-819A-0CE22FD8A4B7',113,'6405e9669d06ab9fde894d5ea77a08cd55f4184c98f5f9741c011ee6f69a2890'),('DE3EE09D-6975-4515-8E5E-898AC6BAB8C5',130,'8c1308cb5503644627b1d8f2e97dd764a2df1e59e899d468d7fd2110aa6e166a'),('4DC03E6C-785B-46AF-B61C-A0398682CFA8',100,'99c9fc9d2c159b9ba69a781658f1f7e8c87c792dc57039c4491fad69deed10b6'),('E750F687-3462-4D0B-B49A-C85ADE20096B',137,'8b877232acdbb25bae9a4426bb0fab528637d6d7b2099e78a45914700974cfa2'),('F8E7C849-169E-4588-A842-5FC1D82039D0',130,'6405e9669d06ab9fde894d5ea77a08cd55f4184c98f5f9741c011ee6f69a2890'),('EB3FF54F-F15F-4862-8122-C22E0BC483FA',155,'1b889e11586335b38157576058b5b48444c95b17219ca78758fdf7581ea38e64'),('361A1F34-FA8A-4564-BDB0-5A34142C4DB2',156,'ef495a2bd472dec214490bacc392b8d431926aa19cd89e94d8d9d06fb3cfa25b'),('8D6DC6EF-46CD-4C33-AF56-090545FFB89C',157,'6405e9669d06ab9fde894d5ea77a08cd55f4184c98f5f9741c011ee6f69a2890'),('9E357832-A1AE-452F-B3BB-91DEF525CC7A',158,'bdf7b6d40e70e75d42b6b44557fa622340aeb3e608ee5104273ad8ca9b1edcf5'),('E746C23D-9B20-4377-A9F8-39B51A08BEEA',130,'8c1308cb5503644627b1d8f2e97dd764a2df1e59e899d468d7fd2110aa6e166a'),('DA9CAE12-D1AD-4094-BEBD-D6F4C16D0EC5',157,''),('5536C38D-B6BA-4D90-98A5-97C1FB6B0907',123,'80944db0495dd26ed8ad5e057a357953350d71037fb07a1f2b9df8b2244c98b2'),('9563E28F-0A99-4D10-B087-5B1B9B150107',159,'6405e9669d06ab9fde894d5ea77a08cd55f4184c98f5f9741c011ee6f69a2890'),('66B1C686-2A62-465A-AB5F-82D8E47BFEF1',159,'6405e9669d06ab9fde894d5ea77a08cd55f4184c98f5f9741c011ee6f69a2890');
/*!40000 ALTER TABLE `UUID_user` ENABLE KEYS */;
UNLOCK TABLES;

--
-- Table structure for table `areas`
--

DROP TABLE IF EXISTS `areas`;
/*!40101 SET @saved_cs_client     = @@character_set_client */;
/*!40101 SET character_set_client = utf8 */;
CREATE TABLE `areas` (
  `districtID` int(11) NOT NULL AUTO_INCREMENT,
  `province` text COLLATE utf8_bin NOT NULL,
  `city` text COLLATE utf8_bin NOT NULL,
  `district` text COLLATE utf8_bin NOT NULL,
  PRIMARY KEY (`districtID`)
) ENGINE=InnoDB AUTO_INCREMENT=8 DEFAULT CHARSET=utf8 COLLATE=utf8_bin;
/*!40101 SET character_set_client = @saved_cs_client */;

--
-- Dumping data for table `areas`
--

LOCK TABLES `areas` WRITE;
/*!40000 ALTER TABLE `areas` DISABLE KEYS */;
INSERT INTO `areas` VALUES (0,'附近','附近','100米'),(1,'附近','附近','500米'),(2,'附近','附近','1000米'),(3,'附近','附近','2000米'),(4,'附近','附近','5000米'),(5,'北京市','北京市','海淀区'),(6,'北京市','北京市','西城区'),(7,'北京市','北京市','朝阳区');
/*!40000 ALTER TABLE `areas` ENABLE KEYS */;
UNLOCK TABLES;

--
-- Table structure for table `beacons`
--

DROP TABLE IF EXISTS `beacons`;
/*!40101 SET @saved_cs_client     = @@character_set_client */;
/*!40101 SET character_set_client = utf8 */;
CREATE TABLE `beacons` (
  `beaconID` int(11) NOT NULL,
  `beaconUUID` tinytext COLLATE utf8_bin,
  `major` int(11) NOT NULL,
  `minor` int(11) NOT NULL,
  `storeID` int(11) NOT NULL,
  `relevantText` text COLLATE utf8_bin,
  PRIMARY KEY (`beaconID`)
) ENGINE=InnoDB DEFAULT CHARSET=utf8 COLLATE=utf8_bin;
/*!40101 SET character_set_client = @saved_cs_client */;

--
-- Dumping data for table `beacons`
--

LOCK TABLES `beacons` WRITE;
/*!40000 ALTER TABLE `beacons` DISABLE KEYS */;
INSERT INTO `beacons` VALUES (1,'B9407F30-F5F8-466E-AFF9-25556B57FE6D',99999,99999,2,'零度空间'),(2,'B9407F30-F5F8-466E-AFF9-25556B57FE6D',88888,88888,1,'金鼎轩'),(3,'B9407F30-F5F8-466E-AFF9-25556B57FE6D',55210,12203,10,'测试用中餐厅'),(4,'B9407F30-F5F8-466E-AFF9-25556B57FE6D',922,58789,10,'测试用西餐厅'),(5,'B9407F30-F5F8-466E-AFF9-25556B57FE6D',34871,60627,12,'闲置'),(6,'B9407F30-F5F8-466E-AFF9-25556B57FE6D',6,6,1,'闲置'),(7,'B9407F30-F5F8-466E-AFF9-25556B57FE6D',7,7,1,'闲置'),(8,'B9407F30-F5F8-466E-AFF9-25556B57FE6D',1,1,10,'app审核测试'),(9,'B9407F30-F5F8-466E-AFF9-25556B57FE6D',29326,59957,10,'测试用西餐厅'),(10,'B9407F30-F5F8-466E-AFF9-25556B57FE6D',32218,54242,10,'测试用西餐厅'),(11,'B9407F30-F5F8-466E-AFF9-25556B57FE6D',42673,36938,10,'测试用西餐厅');
/*!40000 ALTER TABLE `beacons` ENABLE KEYS */;
UNLOCK TABLES;

--
-- Table structure for table `cashMall`
--

DROP TABLE IF EXISTS `cashMall`;
/*!40101 SET @saved_cs_client     = @@character_set_client */;
/*!40101 SET character_set_client = utf8 */;
CREATE TABLE `cashMall` (
  `store_id` int(11) NOT NULL,
  `item_id` int(11) NOT NULL,
  `name` text COLLATE utf8_bin NOT NULL,
  `price` float NOT NULL,
  `icon` text COLLATE utf8_bin NOT NULL,
  `image` text COLLATE utf8_bin NOT NULL,
  `description` text COLLATE utf8_bin NOT NULL,
  `note` text COLLATE utf8_bin NOT NULL,
  PRIMARY KEY (`store_id`,`item_id`)
) ENGINE=InnoDB DEFAULT CHARSET=utf8 COLLATE=utf8_bin;
/*!40101 SET character_set_client = @saved_cs_client */;

--
-- Dumping data for table `cashMall`
--

LOCK TABLES `cashMall` WRITE;
/*!40000 ALTER TABLE `cashMall` DISABLE KEYS */;
INSERT INTO `cashMall` VALUES (10,1,'小杯子',20,'icon.jpg','image.jpg','精美咖啡杯',''),(10,2,'小熊',15,'icon.jpg','image.jpg','可爱的小熊玩偶','');
/*!40000 ALTER TABLE `cashMall` ENABLE KEYS */;
UNLOCK TABLES;

--
-- Table structure for table `cashTransaction`
--

DROP TABLE IF EXISTS `cashTransaction`;
/*!40101 SET @saved_cs_client     = @@character_set_client */;
/*!40101 SET character_set_client = utf8 */;
CREATE TABLE `cashTransaction` (
  `transaction_id` int(11) NOT NULL AUTO_INCREMENT,
  `store_id` int(11) NOT NULL,
  `item_id` int(11) NOT NULL,
  `user_id` int(11) NOT NULL,
  `date` tinytext COLLATE utf8_bin NOT NULL,
  `time` tinytext COLLATE utf8_bin NOT NULL,
  `status` int(11) NOT NULL COMMENT '1未付，2已付',
  `paymentID` int(11) NOT NULL,
  PRIMARY KEY (`transaction_id`)
) ENGINE=InnoDB AUTO_INCREMENT=19 DEFAULT CHARSET=utf8 COLLATE=utf8_bin;
/*!40101 SET character_set_client = @saved_cs_client */;

--
-- Dumping data for table `cashTransaction`
--

LOCK TABLES `cashTransaction` WRITE;
/*!40000 ALTER TABLE `cashTransaction` DISABLE KEYS */;
INSERT INTO `cashTransaction` VALUES (1,10,1,159,'20141206','20:05',0,0),(2,10,2,159,'20141206','21:00',0,0),(3,10,3,159,'20141206','21:10',0,0),(4,10,2,159,'20141206','22:03',1,0),(5,10,3,159,'20141206','22:32',1,0),(6,10,2,159,'20141207','01:11',1,0),(7,10,3,159,'20141207','01:12',1,0),(8,10,1,159,'20141207','02:09',1,0),(9,10,2,159,'20141207','12:54',0,0),(10,10,2,159,'20141207','12:54',0,0),(11,10,2,159,'20141207','13:09',0,0),(12,10,2,159,'20141207','13:18',0,0),(13,10,2,159,'20141207','13:36',0,0),(14,10,1,159,'20141207','13:43',0,0),(15,10,2,159,'20141207','13:43',1,212),(16,10,2,159,'20141207','13:43',0,0),(17,10,1,159,'20141207','23:59',0,214),(18,10,1,159,'20141208','00:01',1,215);
/*!40000 ALTER TABLE `cashTransaction` ENABLE KEYS */;
UNLOCK TABLES;

--
-- Table structure for table `chain`
--

DROP TABLE IF EXISTS `chain`;
/*!40101 SET @saved_cs_client     = @@character_set_client */;
/*!40101 SET character_set_client = utf8 */;
CREATE TABLE `chain` (
  `chain_id` int(11) NOT NULL,
  `chain_name` text COLLATE utf8_bin NOT NULL,
  `description` text COLLATE utf8_bin NOT NULL,
  PRIMARY KEY (`chain_id`)
) ENGINE=InnoDB DEFAULT CHARSET=utf8 COLLATE=utf8_bin;
/*!40101 SET character_set_client = @saved_cs_client */;

--
-- Dumping data for table `chain`
--

LOCK TABLES `chain` WRITE;
/*!40000 ALTER TABLE `chain` DISABLE KEYS */;
INSERT INTO `chain` VALUES (1,'阳光连锁','阳光咖啡屋');
/*!40000 ALTER TABLE `chain` ENABLE KEYS */;
UNLOCK TABLES;

--
-- Table structure for table `credit`
--

DROP TABLE IF EXISTS `credit`;
/*!40101 SET @saved_cs_client     = @@character_set_client */;
/*!40101 SET character_set_client = utf8 */;
CREATE TABLE `credit` (
  `chain_id` int(11) NOT NULL,
  `user_id` int(11) NOT NULL,
  `credit` int(11) NOT NULL,
  PRIMARY KEY (`chain_id`,`user_id`)
) ENGINE=InnoDB DEFAULT CHARSET=utf8 COLLATE=utf8_bin;
/*!40101 SET character_set_client = @saved_cs_client */;

--
-- Dumping data for table `credit`
--

LOCK TABLES `credit` WRITE;
/*!40000 ALTER TABLE `credit` DISABLE KEYS */;
INSERT INTO `credit` VALUES (1,159,6800);
/*!40000 ALTER TABLE `credit` ENABLE KEYS */;
UNLOCK TABLES;

--
-- Table structure for table `creditMall`
--

DROP TABLE IF EXISTS `creditMall`;
/*!40101 SET @saved_cs_client     = @@character_set_client */;
/*!40101 SET character_set_client = utf8 */;
CREATE TABLE `creditMall` (
  `store_id` int(11) NOT NULL,
  `item_id` int(11) NOT NULL,
  `name` text COLLATE utf8_bin NOT NULL,
  `credit` int(11) NOT NULL,
  `icon` text COLLATE utf8_bin NOT NULL,
  `image` text COLLATE utf8_bin NOT NULL,
  `description` text COLLATE utf8_bin NOT NULL,
  `note` text COLLATE utf8_bin NOT NULL,
  PRIMARY KEY (`store_id`,`item_id`)
) ENGINE=InnoDB DEFAULT CHARSET=utf8 COLLATE=utf8_bin;
/*!40101 SET character_set_client = @saved_cs_client */;

--
-- Dumping data for table `creditMall`
--

LOCK TABLES `creditMall` WRITE;
/*!40000 ALTER TABLE `creditMall` DISABLE KEYS */;
INSERT INTO `creditMall` VALUES (10,1,'香草拿铁',500,'icon.jpg','image.jpg','香草拿铁','香草拿铁'),(10,2,'咖啡拿铁',600,'icon.jpg','image.jpg','美式咖啡','美式咖啡'),(10,3,'可乐',500,'icon.jpg','image.jpg','可乐','可乐');
/*!40000 ALTER TABLE `creditMall` ENABLE KEYS */;
UNLOCK TABLES;

--
-- Table structure for table `creditTransaction`
--

DROP TABLE IF EXISTS `creditTransaction`;
/*!40101 SET @saved_cs_client     = @@character_set_client */;
/*!40101 SET character_set_client = utf8 */;
CREATE TABLE `creditTransaction` (
  `transaction_id` int(11) NOT NULL AUTO_INCREMENT,
  `store_id` int(11) NOT NULL,
  `item_id` int(11) NOT NULL,
  `user_id` int(11) NOT NULL,
  `date` tinytext COLLATE utf8_bin NOT NULL,
  `time` tinytext COLLATE utf8_bin NOT NULL,
  `status` int(11) NOT NULL COMMENT '1未付，2已付',
  PRIMARY KEY (`transaction_id`)
) ENGINE=InnoDB AUTO_INCREMENT=10 DEFAULT CHARSET=utf8 COLLATE=utf8_bin;
/*!40101 SET character_set_client = @saved_cs_client */;

--
-- Dumping data for table `creditTransaction`
--

LOCK TABLES `creditTransaction` WRITE;
/*!40000 ALTER TABLE `creditTransaction` DISABLE KEYS */;
INSERT INTO `creditTransaction` VALUES (1,10,1,159,'20141206','20:05',0),(2,10,2,159,'20141206','21:00',0),(3,10,3,159,'20141206','21:10',0),(4,10,2,159,'20141206','22:03',1),(5,10,3,159,'20141206','22:32',1),(6,10,2,159,'20141207','01:11',1),(7,10,3,159,'20141207','01:12',1),(8,10,1,159,'20141207','02:09',1),(9,10,3,159,'20141207','13:18',1);
/*!40000 ALTER TABLE `creditTransaction` ENABLE KEYS */;
UNLOCK TABLES;

--
-- Table structure for table `customers`
--

DROP TABLE IF EXISTS `customers`;
/*!40101 SET @saved_cs_client     = @@character_set_client */;
/*!40101 SET character_set_client = utf8 */;
CREATE TABLE `customers` (
  `customerID` int(11) NOT NULL AUTO_INCREMENT,
  `customerName` tinytext COLLATE utf8_bin,
  `email` tinytext COLLATE utf8_bin,
  `tel` tinytext COLLATE utf8_bin,
  `QQ` text COLLATE utf8_bin NOT NULL,
  `purse` double NOT NULL DEFAULT '0',
  PRIMARY KEY (`customerID`)
) ENGINE=InnoDB AUTO_INCREMENT=160 DEFAULT CHARSET=utf8 COLLATE=utf8_bin;
/*!40101 SET character_set_client = @saved_cs_client */;

--
-- Dumping data for table `customers`
--

LOCK TABLES `customers` WRITE;
/*!40000 ALTER TABLE `customers` DISABLE KEYS */;
INSERT INTO `customers` VALUES (1,'陈晓东','chenxiaodong@126.com','13945689654','',0),(2,'石头','stone@163.com','18915698962','',0),(3,'栗东生','lidongsheng@126.com','15969321456','',0),(4,'玻璃心','bolixin@126.com','16989653214','',0),(5,'blueSky','bluesky@sina.com','18965471236','',0),(100,'Matt','yuchizhong@163.com','18501045153','914081445',5827),(113,'Matt','','','',0),(114,'18612852855','','','',0),(115,'18501045155','','','',0),(116,'18612345687','','','',0),(117,'18612345678','','','',0),(118,'18687654321','','','',0),(119,'18501011111','','','',0),(120,'18501011112','','','',0),(121,'18612852855','','','',0),(122,'18501045153','','','',0),(123,'18612852855','','','',993499),(130,'Apple tester','empty@apple.com','13001001000','10000000',0),(131,'15920375082','','','',0),(132,'15321308789','','','',0),(133,'15321308789','','','',0),(134,'15321308789','','','',0),(135,'15920375082','','','',0),(136,'18910268273','','','',0),(137,'18500508169','','','',0),(138,'15321308789','','','',0),(139,'15321308789','','','',0),(140,'15321308789','','','',0),(141,'15920375082','','','',0),(142,'15321308789','','','',0),(143,'15321308789','','','',0),(144,'15920375082','','','',0),(145,'15920375082','','','',0),(146,'15920375082','','','',0),(147,'15321308789','','','',0),(150,'18501045150','','18501045150','',0),(154,'Matt','','18501045153','',12),(155,'Bruce Ho','','15920375082','',333),(156,'Kevin','','15321308789','',0),(157,'Matt','','18501045153','',0),(158,'18611079997','','18611079997','',10000100),(159,'Matt','','18501045153','',492);
/*!40000 ALTER TABLE `customers` ENABLE KEYS */;
UNLOCK TABLES;

--
-- Table structure for table `dishCategory`
--

DROP TABLE IF EXISTS `dishCategory`;
/*!40101 SET @saved_cs_client     = @@character_set_client */;
/*!40101 SET character_set_client = utf8 */;
CREATE TABLE `dishCategory` (
  `storeID` int(11) NOT NULL,
  `categoryID` int(11) NOT NULL,
  `categoryName` tinytext COLLATE utf8_bin NOT NULL,
  PRIMARY KEY (`storeID`,`categoryID`),
  CONSTRAINT `fStoreID` FOREIGN KEY (`storeID`) REFERENCES `stores` (`storeID`)
) ENGINE=InnoDB DEFAULT CHARSET=utf8 COLLATE=utf8_bin;
/*!40101 SET character_set_client = @saved_cs_client */;

--
-- Dumping data for table `dishCategory`
--

LOCK TABLES `dishCategory` WRITE;
/*!40000 ALTER TABLE `dishCategory` DISABLE KEYS */;
INSERT INTO `dishCategory` VALUES (10,1,'经典咖啡'),(10,2,'特色拿铁'),(10,3,'热饮'),(10,4,'鲜榨果汁'),(10,5,'碳酸饮料'),(12,1,'咖啡饮品'),(12,2,'商务套餐'),(13,1,'主菜'),(13,2,'汤品'),(13,3,'主食'),(13,4,'小吃\n'),(13,5,'比萨\n'),(13,6,'饮品\n'),(14,1,'现磨咖啡'),(14,2,'招牌盆栽奶茶'),(14,3,'私家酸奶盆栽'),(14,4,'沁爽鲜饮'),(14,5,'经典鸡尾酒'),(14,6,'喵仔醇香奶昔'),(15,1,'特色咖啡'),(15,2,'热饮'),(16,1,'锡兰红茶咖啡系列'),(16,2,'休闲小食品'),(18,1,'饮品'),(18,2,'小吃'),(20,1,'Coffee'),(20,2,'Milk'),(20,3,'Beverage'),(21,1,'咖啡CAFE'),(21,2,'热饮HotDrink'),(21,3,'软饮'),(21,4,'小吃'),(21,5,'冷饮'),(21,6,'鸡尾酒'),(21,7,'啤酒'),(22,1,'热巧克力');
/*!40000 ALTER TABLE `dishCategory` ENABLE KEYS */;
UNLOCK TABLES;

--
-- Table structure for table `dishes`
--

DROP TABLE IF EXISTS `dishes`;
/*!40101 SET @saved_cs_client     = @@character_set_client */;
/*!40101 SET character_set_client = utf8 */;
CREATE TABLE `dishes` (
  `dishID` int(11) NOT NULL DEFAULT '0',
  `dishName` tinytext COLLATE utf8_bin,
  `storeID` int(11) NOT NULL DEFAULT '0',
  `price` double DEFAULT NULL,
  `catagory` int(11) DEFAULT NULL,
  `picPath` tinytext COLLATE utf8_bin,
  `description` text COLLATE utf8_bin NOT NULL,
  `note` text COLLATE utf8_bin NOT NULL,
  `orderCount` int(11) NOT NULL DEFAULT '0',
  `upCount` int(11) NOT NULL DEFAULT '0',
  `bscorable` int(11) NOT NULL DEFAULT '1' COMMENT '0,不积分；1，积分',
  `score` int(11) NOT NULL DEFAULT '0',
  PRIMARY KEY (`dishID`,`storeID`),
  KEY `dishID` (`dishID`)
) ENGINE=InnoDB DEFAULT CHARSET=utf8 COLLATE=utf8_bin;
/*!40101 SET character_set_client = @saved_cs_client */;

--
-- Dumping data for table `dishes`
--

LOCK TABLES `dishes` WRITE;
/*!40000 ALTER TABLE `dishes` DISABLE KEYS */;
INSERT INTO `dishes` VALUES (1,'新鲜调制咖啡',20,25,1,'1.','','',0,0,1,0),(1,'意式浓缩Espresso/单份',21,25,1,'1.','','',0,0,1,0),(1,'巧克力-单品',22,22,1,'1.jpg','','',0,0,1,0),(2,'美式咖啡',20,35,1,'2.','','',0,0,1,0),(2,'意式浓缩Espresso/双份',21,30,1,'2.','','',0,0,1,0),(2,'巧克力-套餐',22,25,1,'2.jpg','','',0,0,1,0),(3,'卡布奇诺',20,30,1,'3.','','',0,0,1,0),(3,'美式Americano',21,25,1,'3.','','',0,0,1,0),(4,'樱桃摩卡',20,38,1,'4.','	','',0,0,1,0),(4,'玫瑰芦荟茶/壶',21,78,1,'4.','','',0,0,1,0),(5,'拿铁',20,35,1,'5.','','',0,0,1,0),(5,'卡布奇诺',21,32,1,'5.','','',0,0,1,0),(6,'焦糖玛奇朵',20,35,1,'6.','','',0,0,1,0),(6,'卡布奇诺(Iced)',21,35,1,'6.','','',0,0,1,0),(7,'百利甜咖啡',20,40,1,'7.','','',0,0,1,0),(7,'拿铁',21,35,1,'7.','','',0,0,1,0),(8,'拿铁(Iced)',21,38,1,'8.','','',0,0,1,0),(9,'摩卡',21,38,1,'9.','','',0,0,1,0),(10,'抹茶拿铁',20,35,2,'10.','','',0,0,1,0),(10,'摩卡(Iced)',21,40,1,'10.','','',0,0,1,0),(11,'香蕉牛奶',20,35,2,'11.','','',0,0,1,0),(11,'玛琪雅朵',21,38,1,'11.','','',0,0,1,0),(12,'巧克力斑斑',20,35,2,'12.','','',0,0,1,0),(12,'玛琪雅朵(Iced)',21,40,1,'12.','','',0,0,1,0),(13,'红色鲜果',20,35,2,'13.','','',0,0,1,0),(13,'榛果拿铁',21,38,1,'13.','','',0,0,1,0),(14,'花草茶',20,45,2,'14.','','',0,0,1,0),(14,'榛果拿铁(Iced)',21,40,1,'14.','','',0,0,1,0),(15,'百利甜咖啡',21,40,1,'15.','','',0,0,1,0),(16,'薄荷冰咖啡',21,40,1,'16.','','',0,0,1,0),(17,'提拉米苏冰咖',21,40,1,'17.','','',0,0,1,0),(18,'玫瑰咖啡',21,40,1,'18.','','',0,0,1,0),(20,'冰摇树莓柠蜜',20,35,3,'20.','','',0,0,1,0),(21,'冰摇柠檬茶(热)',20,35,3,'21.','','',0,0,1,0),(22,'冰摇百香果茶',20,30,3,'22.','','',0,0,1,0),(23,'樱桃玫瑰红茶',20,35,3,'23.','','',0,0,1,0),(24,'椰香莫吉托',20,35,3,'24.','','',0,0,1,0),(25,'樱花莫吉托',20,45,3,'25.','','',0,0,1,0),(26,'抹茶冰乐',20,35,3,'26.','','',0,0,1,0),(27,'巧克力冰乐',20,35,3,'27.','','',0,0,1,0),(28,'焦糖咖啡冰乐',20,40,3,'28.','','',0,0,1,0),(29,'水果汽酒',20,30,3,'29.','','',0,0,1,0),(30,'蜂蜜柚子茶/杯',21,30,2,'30.','','',0,0,1,0),(31,'蜂蜜柚子茶/壶',21,75,2,'31.','','',0,0,1,0),(32,'玫瑰芦荟茶/杯',21,35,2,'32.','','',0,0,1,0),(33,'玫瑰芦荟茶/壶',21,78,2,'33.','','',0,0,1,0),(34,'茉莉梅子茶/杯',21,35,2,'34.','','',0,0,1,0),(35,'茉莉梅子茶/壶',21,78,2,'35.','','',0,0,1,0),(36,'野梅果茶/杯',21,45,2,'36.','','',0,0,1,0),(37,'野梅果茶/壶',21,88,2,'37.','','',0,0,1,0),(38,'玫瑰奶茶',21,38,2,'38.','','',0,0,1,0),(39,'花生奶茶',21,38,2,'39.','','',0,0,1,0),(40,'铁观音/杯',21,45,2,'40.','','',0,0,1,0),(41,'铁观音/壶',21,98,2,'41.','','',0,0,1,0),(42,'普洱/杯',21,45,2,'42.','','',0,0,1,0),(43,'普洱/壶',21,98,2,'43.','','',0,0,1,0),(44,'伯爵奶茶',21,38,2,'44.','','',0,0,1,0),(50,'可乐',21,20,3,'50.','','',0,0,1,0),(51,'雪碧',21,20,3,'51.','','',0,0,1,0),(52,'汤力水',21,25,3,'52.','','',0,0,1,0),(53,'苏打',21,25,3,'53.','','',0,0,1,0),(54,'干姜水',21,25,3,'54.','','',0,0,1,0),(55,'健怡可乐',21,20,3,'55.','','',0,0,1,0),(60,'原味松饼',21,35,4,'60.','','',0,0,1,0),(61,'蔓越莓(蓝莓)松饼',21,45,4,'61.','','',0,0,1,0),(62,'杏仁',21,25,4,'62.','','',0,0,1,0),(63,'开心果',21,25,4,'63.','','',0,0,1,0),(64,'乳酪蛋糕',21,30,4,'64.','','',0,0,1,0),(65,'芒果慕斯',21,30,4,'65.','','',0,0,1,0),(66,'老板娘的提拉米苏',21,35,4,'66.','','',0,0,1,0),(67,'自家Mini披萨(蔬菜)',21,35,4,'67.','','',0,0,1,0),(68,'自家Mini披萨(彩椒培根)',21,42,4,'68.','','',0,0,1,0),(69,'自家Mini披萨(金枪鱼)',21,45,4,'69.','','',0,0,1,0),(70,'爆米花',21,20,4,'70.','','',0,0,1,0),(71,'荔枝薄荷',21,38,5,'71.','','',0,0,1,0),(72,'百香果苏打',21,38,5,'72.','','',0,0,1,0),(73,'青柠苏打',21,35,5,'73.','','',0,0,1,0),(74,'芒果苏打',21,38,5,'74.','','',0,0,1,0),(75,'玫瑰冰奶茶',21,38,5,'75.','','',0,0,1,0),(76,'花生冰奶茶',21,38,5,'76.','','',0,0,1,0),(77,'蓝莓奶昔',21,38,5,'77.','','',0,0,1,0),(78,'香蕉奶昔',21,38,5,'78.','','',0,0,1,0),(79,'柚子冰沙',21,35,5,'79.','','',0,0,1,0),(80,'花生冰沙',21,38,5,'80.','','',0,0,1,0),(81,'木瓜牛奶',21,38,5,'81.','','',0,0,1,0),(82,'青柠雪梨',21,35,5,'82.','','',0,0,1,0),(83,'清爽山楂汁',21,35,5,'83.','','',0,0,1,0),(90,'金汤力',21,45,6,'90.','','',0,0,1,0),(91,'朗姆真逗',21,45,6,'91.','','',0,0,1,0),(92,'威士忌真酸',21,48,6,'92.','','',0,0,1,0),(93,'莫吉托',21,48,6,'93.','','',0,0,1,0),(94,'长岛冰茶',21,50,6,'94.','','',0,0,1,0),(95,'玛格丽特',21,48,6,'95.','','',0,0,1,0),(96,'蓝色夏威夷',21,48,6,'96.','','',0,0,1,0),(97,'西班牙水果酒/杯',21,48,6,'97.','','',0,0,1,0),(98,'西班牙水果酒/升',21,150,6,'98.','','',0,0,1,0),(99,'龙舌兰',21,20,6,'99.','','',0,0,1,0),(100,'B-52轰炸机',21,38,6,'100.','','',0,0,1,0),(101,'柠汁蔬菜沙拉',13,15,1,'101.jpg','','',2,0,1,0),(101,'经典黑咖啡',14,16,1,'101.jpg','经典黑咖啡','咖啡豆、水',0,0,1,0),(101,'浓缩咖啡',15,15,1,'101.jpg','浓缩咖啡','',0,0,1,0),(101,'锡兰原味奶茶',16,28,1,'4.jpg','来自锡兰的原味奶茶','',4,0,1,0),(101,'巧克力摩卡咖啡',18,32,1,'101.jpg','巧克力摩卡咖啡','',0,0,1,0),(101,'燃情百加得',21,38,6,'101.','','',0,0,1,0),(102,'蓝山咖啡(冰)',12,35,1,'coffee.jpg','蓝山咖啡(冰)','咖啡，冰',140,0,1,0),(102,'干果拼盘',13,58,1,'102.jpg','','',0,0,1,0),(102,'卡布奇诺',14,18,1,'102.jpg','卡布奇诺','',0,0,1,0),(102,'美式咖啡',15,18,1,'102.jpg','美式咖啡','',0,0,1,0),(102,'锡兰咖啡奶茶',16,28,1,'0.jpg','来自锡兰的浓香咖啡奶茶','',2,0,1,0),(102,'楼里咖啡',18,30,1,'102.jpg','楼里咖啡','',0,0,1,0),(102,'青岛',21,25,7,'102.','','',0,0,1,0),(103,'爱尔兰咖啡(热)',12,35,1,'coffee.jpg','爱尔兰咖啡(热)','爱尔兰咖啡，热水，咖啡伴侣',168,0,1,0),(103,'拿铁咖啡',14,18,1,'103.jpg','拿铁咖啡','',0,0,1,0),(103,'拿铁咖啡',15,23,1,'103.jpg','拿铁咖啡','',0,0,1,0),(103,'皇家伯爵红茶',16,68,1,'l.jpg','高贵典雅尽显皇家气质','',0,0,1,0),(103,'焦糖玛奇朵',18,32,1,'103.jpg','焦糖玛奇朵','',0,0,1,0),(103,'嘉士伯',21,30,7,'103.','','',0,0,1,0),(104,'榛果拿铁',14,20,1,'104.jpg','榛果拿铁','',0,0,1,0),(104,'卡布奇诺',15,22,1,'104.jpg','卡布奇诺','',0,0,1,0),(104,'皇家锡兰红茶',16,98,1,'41.jpg','进口红茶','',0,0,1,0),(104,'香草抹茶奶昔',18,32,1,'104.jpg','香草抹茶奶昔','',0,0,1,0),(104,'喜力',21,32,7,'104.','','',0,0,1,0),(105,'摩卡',14,20,1,'105.jpg','摩卡','',0,0,1,0),(105,'摩卡咖啡',15,25,1,'105.jpg','摩卡咖啡','',0,0,1,0),(105,'锡兰白金红茶',16,98,1,'12900671174132.jpg','','',0,0,1,0),(105,'拿铁咖啡',18,30,1,'105.jpg','拿铁咖啡','',0,0,1,0),(105,'科罗娜',21,32,7,'105.','','',0,0,1,0),(106,'焦糖玛奇朵',14,20,1,'106.jpg','焦糖玛奇朵','',0,0,1,0),(106,'欧蕾',15,30,1,'106.jpg','欧蕾','',0,0,1,0),(106,'顶级锡兰高山白茶',16,138,1,'8.jpg','','',0,0,1,0),(106,'美式咖啡',18,28,1,'106.jpg','美式咖啡','',0,0,1,0),(106,'智美',21,35,7,'106.','','',0,0,1,0),(107,'手冲咖啡',15,30,1,'107.jpg','手冲咖啡','',0,0,1,0),(107,'浓缩咖啡',16,21,1,'10083062621e113826.jpg','','',0,0,1,0),(107,'卡布奇诺',18,28,1,'107.jpg','卡布奇诺','',0,0,1,0),(107,'白熊',21,38,7,'107.','','',0,0,1,0),(108,'拿铁咖啡',16,32,1,'0.jpg','','',0,0,1,0),(108,'乐蔓',21,38,7,'108.','','',0,0,1,0),(109,'美式咖啡',16,32,1,'美0.jpg','','',0,0,1,0),(109,'雪花',21,20,7,'109.','','',0,0,1,0),(201,'黑椒牛肉扒面',12,23,2,'黑椒牛肉扒面.jpg','黑椒牛肉扒面','黑椒，牛肉，面',94,0,1,0),(201,'奶油蘑菇汤',13,20,2,'201.jpg','','',0,0,1,0),(201,'猫先生丝袜盆栽奶茶',14,15,2,'201.jpg','猫先生丝袜盆栽奶茶','',0,0,1,0),(201,'奶茶',15,15,2,'201.jpg','奶茶','',0,0,1,0),(201,'瓜子',16,15,2,'1116551972a472168bl.jpg','15元/一份','',0,0,1,0),(201,'薯条',18,15,2,'201.jpg','薯条','',0,0,1,0),(202,'汤',13,32,2,'202.jpg','','',2,0,1,0),(202,'爱尔兰盆栽奶茶',14,16,2,'202.jpg','爱尔兰盆栽奶茶','',0,0,1,0),(202,'红茶',15,12,2,'202.jpg','红茶','',0,0,1,0),(202,'花生',16,15,2,'20140521165081878187.jpg','15元/一份','',0,0,1,0),(202,'焦糖布丁',18,12,2,'202.jpg','焦糖布丁','',0,0,1,0),(203,'鸳鸯盆栽奶茶',14,16,2,'203.jpg','鸳鸯盆栽奶茶','',0,0,1,0),(203,'柠檬茶',15,15,2,'203.jpg','柠檬茶','',0,0,1,0),(203,'开心果',16,25,2,'1133462409414f00e7l.jpg','25元/一份','',0,0,1,0),(203,'松饼',18,22,2,'203.jpg','松饼','',0,0,1,0),(204,'花果茶',15,15,2,'204.jpg','花果茶','',0,0,1,0),(204,'曲奇饼干',16,25,2,'101466930350e1581d.jpg','25元/一份','',0,0,1,0),(204,'健康薯饼',18,20,2,'204.jpg','健康薯饼','',0,0,1,0),(205,'热巧克力奶',15,25,2,'205.jpg','热巧克力奶','',0,0,1,0),(205,'卤肉饭',18,19,2,'205.jpg','卤肉饭','',0,0,1,0),(206,'热牛奶',15,20,2,'206.jpg','热牛奶','',0,0,1,0),(206,'炭烧猪排堡',18,15,2,'206.jpg','炭烧猪排堡','',0,0,1,0),(301,'辣味培根意面',13,32,3,'301.jpg','','',0,0,1,0),(301,'芒果酸奶盆栽',14,15,3,'301.jpg','芒果酸奶盆栽','',0,0,1,0),(302,'意式火腿意面',13,32,3,'302.jpg','','',0,0,1,0),(302,'香橙酸奶盆栽',14,15,3,'302.jpg','香橙酸奶盆栽','',0,0,1,0),(303,'虾酱蘑菇鸡肉意面',13,36,3,'303.jpg','','',0,0,1,0),(303,'蓝莓酸奶盆栽',14,15,3,'303.jpg','蓝莓酸奶盆栽','',0,0,1,0),(304,'意式肉酱面',13,32,3,'304.jpg','','',0,0,1,0),(305,'季节时蔬意面',13,30,3,'305.jpg','','',0,0,1,0),(306,'奶油蘑菇鸡肉意面',13,36,3,'306.jpg','','',0,0,1,0),(307,'培根香肠焗饭',13,38,3,'307.jpg','','',0,0,1,0),(308,'安格斯牛排',13,48,3,'308.jpg','','',0,0,1,0),(309,'纽约客秘制香烤鸡排',13,38,3,'309.jpg','','',0,0,1,0),(401,'奶油爆米花',13,12,4,'401.jpg','','',0,0,1,0),(401,'沁爽果汽',14,12,4,'401.jpg','沁爽果汽','',0,0,1,0),(402,'凤梨松饼',13,18,4,'402.jpg','','',0,0,1,0),(402,'沁爽酸梅汤',14,12,4,'401.jpg','沁爽酸梅汤','',0,0,1,0),(403,'芒果松饼',13,18,4,'403.jpg','','',0,0,1,0),(404,'蜂蜜松饼',13,18,4,'404.jpg','','',0,0,1,0),(405,'巧克力松饼',13,18,4,'405.jpg','','',0,0,1,0),(501,'四季水果比萨',13,38,5,'501.jpg','','',0,0,1,0),(501,'莫吉托',14,18,5,'501.jpg','莫吉托','',0,0,1,0),(502,'田园风光比萨',13,38,5,'502.jpg','','',0,0,1,0),(502,'布鲁斯莫吉托',14,20,5,'502.jpg','布鲁斯莫吉托','',0,0,1,0),(503,'香辣鸡肉比萨',13,48,5,'503.jpg','','',0,0,1,0),(503,'百利甜',14,20,5,'503.jpg','百利甜','',0,0,1,0),(504,'台湾风情比萨',13,48,5,'504.jpg','','',0,0,1,0),(504,'微醺',14,20,5,'502.jpg','微醺','',0,0,1,0),(505,'长岛冰茶',14,30,5,'505.jpg','长岛冰茶','',0,0,1,0),(506,'威士忌',14,18,5,'506.jpg','威士忌','',0,0,1,0),(507,'自由古巴',14,18,5,'507.jpg','自由古巴','',0,0,1,0),(601,'蜂蜜暖姜茶/壶',13,38,6,'601.jpg','','',0,0,1,0),(601,'抹茶奶昔',14,16,6,'601.jpg','抹茶奶昔','',0,0,1,0),(602,'金巴斯特工咖啡/壶',13,58,6,'602.jpg','','',0,0,1,0),(602,'芒果奶昔',14,16,6,'602.jpg','芒果奶昔','',0,0,1,0),(603,'比利时皇家咖啡-极蓝式咖啡/壶',13,158,6,'603.jpg','','',0,0,1,0),(603,'蓝莓奶昔',14,16,6,'603.jpg','蓝莓奶昔','',0,0,1,0),(604,'血色浪漫/壶',13,48,6,'604.jpg','','',0,0,1,0),(604,'浓巧奶昔',14,17,6,'604.jpg','浓巧奶昔','',0,0,1,0),(605,'柠檬红茶/壶',13,38,6,'605.jpg','','',0,0,1,0),(606,'芦荟养颜茶/壶',13,38,6,'606.jpg','','',0,0,1,0),(607,'特调果汁/扎',13,38,6,'607.jpg','','',0,0,1,0),(1004,'意式咖啡',10,21.5,1,'coffee.jpg','意式咖啡','咖啡豆，牛奶，水；热量：150卡路里',268,0,1,0),(1005,'美式咖啡',10,24,1,'coffee.jpg','美式咖啡','精选咖啡豆，水',179,0,1,0),(1006,'卡布奇若',10,29,1,'1006.jpg','卡布奇若','卡布奇若',56,0,1,29),(1007,'咖啡拿铁',10,29,1,'1007.jpg','咖啡拿铁','咖啡，水',130,0,1,29),(1008,'咖啡摩卡',10,29,1,'coffee.jpg','咖啡摩卡','咖啡，摩卡',14,0,1,0),(2001,'香草拿铁',10,32,2,'coffee.jpg','香草拿铁','香草，拿铁',38,0,1,0),(2002,'抹茶拿铁',10,33,2,'coffei.jpg','抹茶拿铁','抹茶，拿铁',19,0,1,0),(2003,'红茶拿铁',10,33,2,'coffee3.jpg','红茶拿铁','红茶，拿铁',10,0,1,0),(2004,'紫薯拿铁',10,33,2,'coffee2.jpg','紫薯拿铁','紫薯，拿铁',11,0,1,0),(2005,'五谷拿铁',10,33,2,'coffee.jpg','五谷拿铁','五谷，拿铁',7,0,1,0),(3001,'热牛奶',10,22,3,'milk.jpg','热牛奶','牛奶',18,0,1,0),(3002,'棉花糖热巧克力',10,35,3,'cholate.jpg','棉花糖热巧克力','棉花糖，巧克力',19,0,1,0),(4001,'鲜榨橙汁',10,33,4,'orange.jpg','鲜榨橙汁','橙',31,0,1,0),(4002,'鲜榨西瓜汁',10,33,4,'watermaloon.jpg','鲜榨西瓜汁','西瓜',21,0,1,0),(4003,'鲜榨猕猴桃汁',10,33,4,'4003.jpg','猕猴桃汁','猕猴桃',20,0,1,0),(4004,'可乐',10,10,4,'4004.jpg','','',0,0,1,10),(5001,'可乐',10,10,5,'5001.jpg','','',0,0,1,12),(5002,'雪碧',10,10,5,'5002.jpg','','',0,0,1,10);
/*!40000 ALTER TABLE `dishes` ENABLE KEYS */;
UNLOCK TABLES;

--
-- Table structure for table `notifications`
--

DROP TABLE IF EXISTS `notifications`;
/*!40101 SET @saved_cs_client     = @@character_set_client */;
/*!40101 SET character_set_client = utf8 */;
CREATE TABLE `notifications` (
  `userID` int(11) NOT NULL,
  `date` tinytext COLLATE utf8_bin NOT NULL,
  `time` tinytext COLLATE utf8_bin NOT NULL,
  `body` text COLLATE utf8_bin NOT NULL,
  `status` int(11) NOT NULL
) ENGINE=InnoDB DEFAULT CHARSET=utf8 COLLATE=utf8_bin;
/*!40101 SET character_set_client = @saved_cs_client */;

--
-- Dumping data for table `notifications`
--

LOCK TABLES `notifications` WRITE;
/*!40000 ALTER TABLE `notifications` DISABLE KEYS */;
INSERT INTO `notifications` VALUES (100,'20141030','20:51','asd',1),(100,'20141030','20:53','asd',1),(100,'20141030','21:06','asd',1),(100,'20141030','21:37','asd',1),(100,'20141030','21:38','asd',1),(100,'20141030','21:41','asd',1),(100,'20141030','21:43','asd',1),(100,'20141030','21:43','lallalal你三地阿斯U盾hi啊',1),(100,'20141030','21:44','呵呵',1),(100,'20141030','21:46','呵呵',1),(100,'20141030','21:51','asd',1),(100,'20141031','18:23','asd',1),(100,'20141031','18:23','asd',1),(100,'20141031','23:09','asd',1),(100,'20141031','23:09','asd',1),(100,'20141031','23:10','asd',1),(100,'20141031','23:10','asd',1),(100,'20141031','23:10','asd',1),(100,'20141031','23:10','xxxx',1),(100,'20141031','23:10','xxxxxx',1),(100,'20141031','23:10','xxxxxx',1),(100,'20141031','23:11','xxxxxx',1),(100,'20141031','23:12','xxxxxx',1),(100,'20141031','23:14','xxxxxx',1),(100,'20141031','23:15','xxxxxx',1),(100,'20141031','23:15','xxxxxxbhbh',1),(100,'20141031','23:16','xxxxxxbhbh',1),(100,'20141031','23:18','xxxxxxbhbh',1),(100,'20141031','23:20','asd',1),(100,'20141031','23:20','lalaa',1),(100,'20141031','23:21','asd',1),(100,'20141031','23:21','asdjjj',1),(100,'20141103','13:42','',1),(100,'20141103','13:43','',1),(0,'20141103','13:43','',1),(100,'20141103','13:43','',1),(100,'20141103','13:43','',1),(100,'20141103','13:43','',1),(100,'20141103','13:43','123',1),(100,'20141105','16:43','asd',1),(0,'20141105','16:44','asd',1),(120,'20141105','16:44','asd',0),(113,'20141105','16:46','asd',1),(113,'20141105','16:46','asd',1),(100,'20141105','16:46','asd',1),(113,'20141105','16:46','asd',1),(117,'20141105','17:02','请到柜台取餐',0),(100,'20141105','17:07','请到柜台取餐',1),(122,'20141105','23:48','asd',1),(123,'20141105','23:56','hello小鹏',1),(122,'20141105','23:57','hello小鹏',1),(123,'20141105','23:59','行我看看',1),(121,'20141106','03:23','请到柜台取餐',0),(100,'20141106','03:23','请到柜台取餐',1),(100,'20141106','03:23','请到柜台取餐',1),(117,'20141106','03:31','请到柜台取餐',0),(100,'20141106','03:50','请到柜台取餐',1),(123,'20141107','00:09','请到柜台取餐',1),(123,'20141107','00:09','请到柜台取餐',1),(123,'20141107','00:09','请到柜台取餐',1),(123,'20141107','00:10','请到柜台取餐',1),(123,'20141107','00:10','请到柜台取餐',1),(123,'20141107','00:10','请到柜台取餐',1),(123,'20141107','00:13','请到柜台取餐',1),(123,'20141107','00:13','请到柜台取餐',1),(123,'20141107','00:13','请到柜台取餐',1),(123,'20141107','00:15','请到柜台取餐',1),(100,'20141107','00:19','11111',1),(123,'20141107','00:19','11111',1),(123,'20141107','00:25','11111',1),(123,'20141107','00:25','11111',1),(123,'20141107','00:33','请到柜台取餐',1),(123,'20141107','00:33','请到柜台取餐',1),(123,'20141107','00:37','请到柜台取餐',1),(123,'20141107','00:38','请到柜台取餐',1),(123,'20141107','00:38','请到柜台取餐',1),(123,'20141107','00:38','请到柜台取餐',1),(123,'20141107','00:38','请到柜台取餐',1),(120,'20141107','00:40','11111',0),(100,'20141107','00:41','11111',1),(100,'20141107','00:41','11111',1),(100,'20141107','00:41','11111',1),(100,'20141107','00:41','11111',1),(100,'20141107','00:41','11111',1),(100,'20141107','00:44','11111',1),(100,'20141107','00:44','11111',1),(100,'20141107','00:44','11111',1),(100,'20141107','00:44','11111',1),(100,'20141107','00:45','11111',1),(100,'20141107','01:00','11111',1),(100,'20141107','01:00','11111',1),(100,'20141107','01:00','11111',1),(100,'20141107','02:06','11111',1),(100,'20141107','13:53','11111',1),(100,'20141107','13:53','11111',1),(100,'20141107','13:53','11111',1),(100,'20141107','13:53','11111',1),(100,'20141107','14:39','11111',1),(100,'20141107','14:39','11111',1),(100,'20141107','14:39','11111',1),(100,'20141107','18:48','asd',1),(100,'20141107','18:48','asd',1),(100,'20141107','18:48','asd',1),(100,'20141107','21:32','11111',1),(100,'20141107','21:32','11111xxxx',1),(100,'20141108','23:35','11111',1),(100,'20141108','23:35','11111',1),(100,'20141108','23:35','11111',1),(100,'20141108','23:35','11111',1),(100,'20141108','23:35','11111xx',1),(123,'20141108','23:36','小鹏我是matt',1),(123,'20141111','23:44','请到柜台取餐',1),(123,'20141111','23:45','请到柜台取餐',1),(123,'20141111','23:45','请到柜台取餐',1),(123,'20141111','23:46','请到柜台取餐',1),(123,'20141111','23:48','请到柜台取餐',1),(123,'20141111','23:48','请到柜台取餐',1),(100,'20141111','23:48','请到柜台取餐',1),(100,'20141111','23:50','asd',1),(100,'20141111','23:50','请到柜台取餐',1),(123,'20141111','23:50','请到柜台取餐',1),(100,'20141111','23:50','asd',1),(100,'20141111','23:50','asd',1),(123,'20141111','23:50','请到柜台取餐',1),(100,'20141111','23:50','asd',1),(100,'20141111','23:52','asd',1),(100,'20141111','23:52','asd',1),(123,'20141111','23:52','asd',1),(123,'20141111','23:53','请到柜台取餐',1),(123,'20141111','23:53','请到柜台取餐',1),(123,'20141111','23:53','请到柜台取餐',1),(123,'20141111','23:53','请到柜台取餐',1),(123,'20141111','23:55','请到柜台取餐',1),(123,'20141111','23:55','请到柜台取餐',1),(123,'20141111','23:56','请到柜台取餐',1),(100,'20141111','23:57','请到柜台取餐',1),(100,'20141111','23:57','请到柜台取餐',1),(100,'20141112','00:01','请到柜台取餐',1),(123,'20141112','00:02','请到柜台取餐',1),(100,'20141112','00:03','请到柜台取餐',1),(100,'20141112','00:14','请到柜台取餐',1),(100,'20141112','00:14','请到柜台取餐',1),(123,'20141112','00:16','请到柜台取餐',1),(123,'20141112','00:19','请到柜台取餐',1),(123,'20141112','00:19','请到柜台取餐',1),(123,'20141112','00:23','请到柜台取餐',1),(123,'20141112','00:23','请到柜台取餐',1),(100,'20141112','00:54','asd',1),(100,'20141112','00:54','asd',1),(100,'20141112','00:54','asdasd',1),(100,'20141112','00:54','asdasd',1),(100,'20141112','00:54','asdasd',1),(100,'20141112','00:54','asdasd',1),(100,'20141112','00:54','asdasd',1),(100,'20141112','00:54','asdasd',1),(100,'20141112','00:54','asdasd',1),(100,'20141112','00:54','asdasd',1),(100,'20141112','00:54','asdasd',1),(100,'20141112','00:54','asdasd',1),(100,'20141112','00:54','asdasd',1),(100,'20141112','00:54','asdasd',1),(100,'20141112','00:54','asdasd',1),(100,'20141112','00:54','asdasd',1),(100,'20141112','00:54','asdasd',1),(100,'20141112','00:54','asdasd',1),(100,'20141112','00:54','asdasd',1),(100,'20141112','00:54','asdasd',1),(100,'20141112','00:54','asdasd',1),(100,'20141112','00:54','asdasd',1),(100,'20141112','00:54','asdasd',1),(100,'20141112','00:54','asdasd',1),(100,'20141112','00:54','asdasd',1),(100,'20141112','00:54','asdasd',1),(100,'20141112','00:54','asdasd',1),(100,'20141112','00:54','asdasd',1),(100,'20141112','00:54','asdasd',1),(100,'20141112','00:54','asdasd',1),(100,'20141112','00:54','asdasd',1),(100,'20141112','00:54','asdasd',1),(100,'20141112','00:54','asdasd',1),(100,'20141112','00:54','asdasd',1),(100,'20141112','00:54','asdasd',1),(100,'20141112','00:54','asdasd',1),(100,'20141112','00:54','asdasd',1),(100,'20141112','00:54','asdasd',1),(100,'20141112','00:54','asdasd',1),(100,'20141112','00:54','asdasd',1),(100,'20141112','00:54','asdasd',1),(100,'20141112','00:54','asdasd',1),(100,'20141112','00:54','asdasd',1),(100,'20141112','00:54','asdasd',1),(100,'20141112','00:54','asdasd',1),(100,'20141112','00:54','asdasd',1),(100,'20141112','00:54','asdasd',1),(100,'20141112','00:54','asdasd',1),(100,'20141112','00:54','asdasd',1),(100,'20141112','00:54','asdasd',1),(100,'20141112','00:54','asdasd',1),(100,'20141112','00:54','asdasd',1),(100,'20141112','00:54','asdasd',1),(100,'20141112','00:54','asdasd',1),(100,'20141112','00:54','asdasd',1),(100,'20141112','00:54','asdasd',1),(100,'20141112','00:54','asdasd',1),(100,'20141112','00:54','asdasd',1),(100,'20141112','00:54','asdasd',1),(100,'20141112','00:54','asdasd',1),(100,'20141112','00:54','asdasd',1),(100,'20141112','00:54','asdasd',1),(100,'20141112','00:54','asdasd',1),(100,'20141112','00:54','asdasd',1),(100,'20141112','00:54','asdasd',1),(100,'20141112','00:54','asdasd',1),(100,'20141112','00:54','asdasd',1),(100,'20141112','00:54','asdasd',1),(100,'20141112','00:54','asdasd',1),(100,'20141112','00:54','asdasd',1),(100,'20141112','00:54','asdasd',1),(100,'20141112','00:54','asdasd',1),(100,'20141112','00:54','asdasd',1),(100,'20141112','00:54','asdasd',1),(100,'20141112','00:54','asdasd',1),(100,'20141112','00:54','asdasd',1),(100,'20141112','00:54','asdasd',1),(100,'20141112','00:54','asdasd',1),(100,'20141112','00:54','asdasd',1),(100,'20141112','00:54','asdasd',1),(100,'20141112','00:54','asdasd',1),(100,'20141112','00:54','asdasd',1),(100,'20141112','00:54','asdasd',1),(100,'20141112','00:54','asdasd',1),(100,'20141112','00:54','asdasd',1),(100,'20141112','00:54','asdasd',1),(100,'20141112','00:54','asdasd',1),(100,'20141112','00:54','asdasd',1),(100,'20141112','00:54','asdasd',1),(100,'20141112','00:54','asdasd',1),(100,'20141112','00:54','asdasd',1),(100,'20141112','00:54','asdasd',1),(100,'20141112','00:54','asdasd',1),(100,'20141112','00:54','asdasd',1),(100,'20141112','00:54','asdasd',1),(100,'20141112','00:54','asdasd',1),(100,'20141112','00:54','asdasd',1),(100,'20141112','00:54','asdasd',1),(100,'20141112','00:54','asdasd',1),(100,'20141112','00:54','asdasd',1),(100,'20141112','00:54','asdasd',1),(100,'20141112','00:54','asdasd',1),(100,'20141112','00:54','asdasd',1),(100,'20141112','00:54','asdasd',1),(100,'20141112','00:54','asdasd',1),(100,'20141112','00:54','asdasd',1),(100,'20141112','00:54','asdasd',1),(100,'20141112','00:54','asdasd',1),(100,'20141112','00:54','asdasd',1),(100,'20141112','00:54','asdasd',1),(100,'20141112','00:54','asdasd',1),(100,'20141112','00:54','asdasd',1),(100,'20141112','00:54','asdasd',1),(100,'20141112','00:54','asdasd',1),(100,'20141112','00:54','asdasd',1),(100,'20141112','00:54','asdasd',1),(100,'20141112','00:54','asdasd',1),(100,'20141112','00:54','asdasd',1),(100,'20141112','00:54','asdasd',1),(100,'20141112','00:54','asdasd',1),(100,'20141112','00:54','asdasd',1),(100,'20141112','00:54','asdasd',1),(100,'20141112','00:54','asdasd',1),(100,'20141112','00:54','asdasd',1),(100,'20141112','00:54','asdasd',1),(100,'20141112','00:54','asdasd',1),(100,'20141112','00:54','asdasd',1),(100,'20141112','00:54','asdasd',1),(100,'20141112','00:54','asdasd',1),(100,'20141112','00:54','asdasd',1),(100,'20141112','00:54','asdasd',1),(100,'20141112','00:54','asdasd',1),(100,'20141112','00:54','asdasd',1),(100,'20141112','00:54','asdasd',1),(100,'20141112','00:54','asdasd',1),(100,'20141112','00:54','asdasd',1),(100,'20141112','00:54','asdasd',1),(100,'20141112','01:42','asd',1),(100,'20141112','01:42','asd',1),(100,'20141112','16:00','请到柜台取餐',1),(100,'20141112','16:01','请到柜台取餐',1),(100,'20141113','00:56','asd',1),(100,'20141113','01:01','asd',1),(100,'20141113','02:34','11111',1),(123,'20141116','15:27','请到柜台取餐',1),(100,'20141116','15:34','请到柜台取餐',1),(123,'20141117','12:04','请到柜台取餐',1),(123,'20141117','13:03','请到柜台取餐',1),(100,'20141117','13:21','请到柜台取餐',1),(157,'20141117','18:39','asd',1),(157,'20141117','18:39','asd',1),(157,'20141117','18:39','asd',1),(157,'20141117','18:39','asd',1),(157,'20141117','18:43','asd',1),(157,'20141117','18:43','asd',1),(157,'20141117','18:43','asdxxx',1),(156,'20141118','11:03','请到柜台取餐',1),(156,'20141118','11:05','请到柜台取餐',1),(155,'20141118','11:07','请到柜台取餐',1),(155,'20141118','11:08','请到柜台取餐',1),(155,'20141118','11:14','请到柜台取餐',1),(155,'20141118','11:22','请到柜台取餐',1),(155,'20141118','11:29','请到柜台取餐',1),(100,'20141118','11:41','11111',0),(157,'20141118','11:41','11111',1),(157,'20141118','11:42','11111',1),(157,'20141118','11:42','11111',1),(157,'20141118','11:42','11111',1),(157,'20141118','11:43','11111',1),(157,'20141118','11:43','11111',1),(157,'20141118','11:43','11111',1),(157,'20141118','11:46','11111',1),(157,'20141118','11:47','11111',1),(157,'20141118','11:47','11111',1),(157,'20141118','11:47','11111',1),(100,'20141118','11:53','11111',0),(157,'20141118','11:53','11111',1),(157,'20141118','11:53','11111',1),(157,'20141118','11:53','11111',1),(123,'20141118','11:54','请到柜台取餐',1),(157,'20141118','11:56','11111',1),(157,'20141118','11:56','11111',1),(123,'20141118','12:03','请到柜台取餐',1),(155,'20141118','12:15','请到柜台取餐',1),(156,'20141118','12:15','请到柜台取餐',1),(156,'20141118','12:16','请到柜台取餐',1),(123,'20141118','13:48','请到柜台取餐',1),(123,'20141119','10:36','请到柜台取餐',1),(123,'20141119','11:57','请到柜台取餐',1),(156,'20141119','14:19','请到柜台取餐',1),(156,'20141119','14:48','请到柜台取餐',1),(157,'20141119','16:57','asd',1),(157,'20141119','16:58','asd',1),(156,'20141120','14:13','请到柜台取餐',1),(156,'20141120','14:57','请到柜台取餐',1),(156,'20141120','14:59','请到柜台取餐',1),(156,'20141121','13:49','请到柜台取餐',1),(156,'20141121','13:50','请到柜台取餐',1),(157,'20141121','23:05','asd',1),(157,'20141121','23:05','asd',1),(157,'20141121','23:07','asd',1),(157,'20141121','23:07','asd',1),(157,'20141121','23:07','asd',1),(157,'20141121','23:07','asd',1),(157,'20141121','23:08','asd',1),(157,'20141121','23:08','asd',1),(157,'20141121','23:16','asd',1),(157,'20141121','23:17','asd',1),(100,'20141122','15:38','11111',0),(100,'20141122','15:38','11111',0),(100,'20141122','15:39','11111',0),(100,'20141122','15:39','11111',0),(100,'20141122','15:39','11111',0),(100,'20141122','15:39','11111',0),(157,'20141122','15:39','11111',1),(157,'20141122','15:41','11111',1),(157,'20141122','15:41','11111',1),(157,'20141122','15:46','11111',1),(157,'20141122','15:47','11111',1),(157,'20141122','15:49','11111',1),(157,'20141122','16:00','11111',1),(157,'20141122','16:07','11111',1),(157,'20141122','16:37','11111',1),(157,'20141122','16:37','11111',1),(157,'20141122','16:41','11111',1),(157,'20141122','16:42','11111',1),(157,'20141122','16:42','11111',1),(157,'20141122','16:56','11111',1),(157,'20141122','17:03','11111',1),(157,'20141122','17:03','11111',1),(157,'20141122','17:03','11111',1),(157,'20141123','16:04','asd',1),(157,'20141123','16:05','asd',0),(159,'20141123','16:08','asd',1),(159,'20141123','16:08','asd',1),(159,'20141123','16:08','asd',1),(156,'20141124','16:04','请到柜台取餐',1),(156,'20141124','18:11','请到柜台取餐',1),(156,'20141127','16:23','请到柜台取餐',0),(156,'20141127','16:24','请到柜台取餐',0),(159,'20141130','12:08','11111',1),(156,'20141201','14:50','请到柜台取餐',0),(156,'20141201','14:59','请到柜台取餐',0),(156,'20141201','16:46','请到柜台取餐',0),(156,'20141201','17:09','请到柜台取餐',0),(156,'20141201','17:15','请到柜台取餐',0),(156,'20141201','17:16','请到柜台取餐',0),(156,'20141201','17:17','请到柜台取餐',0),(156,'20141201','17:18','请到柜台取餐',0),(156,'20141201','17:18','请到柜台取餐',0),(156,'20141201','17:19','请到柜台取餐',0),(156,'20141201','17:33','请到柜台取餐',0),(159,'20141205','19:00','',1),(159,'20141205','19:00','',1),(159,'20141205','19:00','11111',1),(159,'20141205','19:01','11111',1);
/*!40000 ALTER TABLE `notifications` ENABLE KEYS */;
UNLOCK TABLES;

--
-- Table structure for table `orderDetails`
--

DROP TABLE IF EXISTS `orderDetails`;
/*!40101 SET @saved_cs_client     = @@character_set_client */;
/*!40101 SET character_set_client = utf8 */;
CREATE TABLE `orderDetails` (
  `dishID` int(11) NOT NULL DEFAULT '0',
  `storeID` int(11) NOT NULL DEFAULT '0',
  `orderID` int(11) NOT NULL DEFAULT '0',
  `quantity` int(11) DEFAULT NULL,
  PRIMARY KEY (`dishID`,`storeID`,`orderID`),
  CONSTRAINT `dishID` FOREIGN KEY (`dishID`, `storeID`) REFERENCES `dishes` (`dishID`, `storeID`)
) ENGINE=InnoDB DEFAULT CHARSET=utf8 COLLATE=utf8_bin;
/*!40101 SET character_set_client = @saved_cs_client */;

--
-- Dumping data for table `orderDetails`
--

LOCK TABLES `orderDetails` WRITE;
/*!40000 ALTER TABLE `orderDetails` DISABLE KEYS */;
INSERT INTO `orderDetails` VALUES (101,13,1402,2),(101,16,1382,3),(101,16,1384,1),(102,12,1281,1),(102,12,1283,1),(102,12,1284,1),(102,12,1297,2),(102,12,1311,1),(102,12,1328,1),(102,12,1331,1),(102,12,1338,1),(102,12,1339,2),(102,12,1347,1),(102,12,1348,2),(102,12,1358,2),(102,12,1360,1),(102,12,1391,1),(102,12,1403,118),(102,12,1416,2),(102,12,1423,2),(102,16,1461,2),(103,12,1281,2),(103,12,1298,1),(103,12,1316,2),(103,12,1317,1),(103,12,1318,1),(103,12,1328,1),(103,12,1347,1),(103,12,1359,2),(103,12,1364,1),(103,12,1372,1),(103,12,1374,1),(103,12,1376,1),(103,12,1390,1),(103,12,1403,150),(201,12,1283,1),(201,12,1312,1),(201,12,1319,1),(201,12,1320,1),(201,12,1321,2),(201,12,1322,2),(201,12,1328,1),(201,12,1331,1),(201,12,1332,1),(201,12,1336,2),(201,12,1337,1),(201,12,1347,1),(201,12,1361,1),(201,12,1366,1),(201,12,1367,1),(201,12,1368,1),(201,12,1369,1),(201,12,1370,1),(201,12,1371,1),(201,12,1373,1),(201,12,1375,1),(201,12,1377,1),(201,12,1378,1),(201,12,1379,1),(201,12,1380,1),(201,12,1381,2),(201,12,1385,1),(201,12,1386,1),(201,12,1387,1),(201,12,1388,1),(201,12,1389,1),(201,12,1392,1),(201,12,1400,1),(201,12,1401,4),(201,12,1403,53),(202,13,1402,2),(1004,10,0,1),(1004,10,1263,1),(1004,10,1264,1),(1004,10,1266,2),(1004,10,1272,2),(1004,10,1282,1),(1004,10,1285,1),(1004,10,1288,1),(1004,10,1289,1),(1004,10,1290,1),(1004,10,1291,1),(1004,10,1294,1),(1004,10,1296,1),(1004,10,1299,1),(1004,10,1302,1),(1004,10,1303,1),(1004,10,1307,1),(1004,10,1308,1),(1004,10,1309,1),(1004,10,1310,1),(1004,10,1333,2),(1004,10,1340,1),(1004,10,1341,1),(1004,10,1343,1),(1004,10,1344,1),(1004,10,1345,1),(1004,10,1346,1),(1004,10,1354,1),(1004,10,1355,1),(1004,10,1362,1),(1004,10,1363,1),(1004,10,1394,1),(1004,10,1395,1),(1004,10,1396,1),(1004,10,1397,1),(1004,10,1398,1),(1004,10,1399,1),(1004,10,1404,1),(1004,10,1406,1),(1004,10,1411,1),(1004,10,1412,1),(1004,10,1413,2),(1004,10,1414,1),(1004,10,1415,2),(1004,10,1418,1),(1004,10,1419,1),(1004,10,1421,2),(1004,10,1422,4),(1004,10,1429,1),(1004,10,1430,1),(1004,10,1441,1),(1004,10,1443,1),(1004,10,1446,1),(1004,10,1447,1),(1004,10,1448,1),(1004,10,1449,1),(1004,10,1450,1),(1004,10,1451,1),(1004,10,1452,1),(1004,10,1453,1),(1004,10,1455,1),(1004,10,1456,1),(1004,10,1458,1),(1004,10,1460,1),(1005,10,0,1),(1005,10,1263,1),(1005,10,1264,1),(1005,10,1265,1),(1005,10,1282,1),(1005,10,1285,1),(1005,10,1288,1),(1005,10,1289,1),(1005,10,1290,1),(1005,10,1291,1),(1005,10,1292,2),(1005,10,1295,1),(1005,10,1299,1),(1005,10,1300,1),(1005,10,1302,1),(1005,10,1303,1),(1005,10,1307,1),(1005,10,1309,1),(1005,10,1313,2),(1005,10,1324,2),(1005,10,1325,4),(1005,10,1326,1),(1005,10,1330,1),(1005,10,1335,2),(1005,10,1341,1),(1005,10,1342,1),(1005,10,1343,1),(1005,10,1344,1),(1005,10,1345,1),(1005,10,1349,1),(1005,10,1354,1),(1005,10,1355,1),(1005,10,1357,2),(1005,10,1362,1),(1005,10,1363,3),(1005,10,1394,1),(1005,10,1395,1),(1005,10,1396,1),(1005,10,1397,1),(1005,10,1398,1),(1005,10,1404,1),(1005,10,1406,1),(1005,10,1411,1),(1005,10,1412,1),(1005,10,1415,2),(1005,10,1417,2),(1005,10,1418,1),(1005,10,1419,1),(1005,10,1420,2),(1005,10,1425,4),(1005,10,1426,2),(1005,10,1427,1),(1005,10,1429,1),(1005,10,1430,1),(1005,10,1431,4),(1005,10,1440,1),(1005,10,1447,1),(1005,10,1448,1),(1005,10,1449,1),(1005,10,1450,1),(1005,10,1451,1),(1005,10,1452,5),(1005,10,1453,1),(1005,10,1454,1),(1005,10,1455,1),(1005,10,1456,1),(1005,10,1457,1),(1005,10,1458,1),(1005,10,1460,1),(1005,10,1468,1),(1005,10,1477,1),(1006,10,0,1),(1006,10,1288,1),(1006,10,1355,1),(1006,10,1383,1),(1006,10,1407,4),(1006,10,1409,2),(1006,10,1418,1),(1006,10,1434,1),(1006,10,1435,1),(1006,10,1437,1),(1006,10,1439,1),(1006,10,1440,1),(1006,10,1445,2),(1006,10,1452,1),(1006,10,1456,1),(1006,10,1464,1),(1006,10,1469,1),(1006,10,1470,1),(1006,10,1471,2),(1006,10,1472,1),(1006,10,1473,1),(1006,10,1474,1),(1006,10,1475,1),(1006,10,1476,1),(1006,10,1478,2),(1007,10,0,1),(1007,10,1262,1),(1007,10,1265,1),(1007,10,1288,1),(1007,10,1289,1),(1007,10,1290,1),(1007,10,1291,1),(1007,10,1293,3),(1007,10,1296,1),(1007,10,1300,1),(1007,10,1308,1),(1007,10,1309,1),(1007,10,1314,1),(1007,10,1315,1),(1007,10,1323,2),(1007,10,1327,4),(1007,10,1329,8),(1007,10,1342,1),(1007,10,1345,1),(1007,10,1355,1),(1007,10,1356,1),(1007,10,1383,1),(1007,10,1397,1),(1007,10,1404,1),(1007,10,1405,3),(1007,10,1406,1),(1007,10,1408,1),(1007,10,1410,2),(1007,10,1412,1),(1007,10,1424,3),(1007,10,1428,2),(1007,10,1430,1),(1007,10,1432,5),(1007,10,1433,1),(1007,10,1436,1),(1007,10,1439,1),(1007,10,1440,1),(1007,10,1442,2),(1007,10,1444,1),(1007,10,1445,1),(1007,10,1448,1),(1007,10,1451,1),(1007,10,1452,1),(1007,10,1453,1),(1007,10,1454,1),(1007,10,1456,1),(1007,10,1457,1),(1007,10,1462,3),(1007,10,1463,2),(1007,10,1465,1),(1007,10,1466,2),(1007,10,1467,2),(1007,10,1470,1),(1007,10,1479,2),(1008,10,0,1),(1008,10,1276,1),(1008,10,1288,1),(1008,10,1296,1),(1008,10,1310,1),(1008,10,1438,2),(1008,10,1440,1),(2001,10,0,1),(2001,10,1350,1),(2001,10,1365,1),(2002,10,0,1),(2002,10,1276,1),(2002,10,1349,1),(2002,10,1350,1),(2002,10,1365,1),(2002,10,1410,2),(2003,10,1351,1),(2003,10,1365,5),(2004,10,0,1),(2004,10,1350,1),(2004,10,1351,1),(2004,10,1410,1),(2005,10,1305,1),(2005,10,1410,4),(3001,10,0,1),(3001,10,1296,1),(3001,10,1300,1),(3001,10,1301,1),(3001,10,1352,1),(3001,10,1353,1),(3001,10,1393,1),(3001,10,1410,1),(3001,10,1459,1),(3002,10,1295,1),(3002,10,1304,1),(3002,10,1306,1),(3002,10,1352,1),(3002,10,1410,2),(3002,10,1459,1),(4001,10,0,1),(4001,10,1301,1),(4001,10,1304,1),(4001,10,1305,1),(4001,10,1353,1),(4001,10,1393,1),(4001,10,1410,1),(4001,10,1459,1),(4002,10,1295,1),(4002,10,1296,1),(4002,10,1304,1),(4002,10,1353,1),(4002,10,1410,4),(4003,10,1304,1),(4003,10,1334,1),(4003,10,1410,11);
/*!40000 ALTER TABLE `orderDetails` ENABLE KEYS */;
UNLOCK TABLES;

--
-- Table structure for table `orders`
--

DROP TABLE IF EXISTS `orders`;
/*!40101 SET @saved_cs_client     = @@character_set_client */;
/*!40101 SET character_set_client = utf8 */;
CREATE TABLE `orders` (
  `orderID` int(11) NOT NULL AUTO_INCREMENT,
  `storeID` int(11) NOT NULL,
  `date` tinytext COLLATE utf8_bin NOT NULL,
  `time` tinytext COLLATE utf8_bin NOT NULL,
  `tableID` int(11) NOT NULL,
  `customerID` int(11) DEFAULT NULL,
  `payFlag` int(11) DEFAULT '0',
  `orderFlag` int(11) DEFAULT '0',
  `fetchFlag` int(11) DEFAULT '0',
  `totalPrice` double NOT NULL DEFAULT '0',
  `paymentID` int(11) NOT NULL DEFAULT '0',
  PRIMARY KEY (`orderID`,`storeID`),
  KEY `customerID` (`customerID`),
  KEY `orderID` (`orderID`),
  KEY `storeID` (`storeID`),
  CONSTRAINT `customerID` FOREIGN KEY (`customerID`) REFERENCES `customers` (`customerID`),
  CONSTRAINT `storeID` FOREIGN KEY (`storeID`) REFERENCES `stores` (`storeID`)
) ENGINE=InnoDB AUTO_INCREMENT=1480 DEFAULT CHARSET=utf8 COLLATE=utf8_bin;
/*!40101 SET character_set_client = @saved_cs_client */;

--
-- Dumping data for table `orders`
--

LOCK TABLES `orders` WRITE;
/*!40000 ALTER TABLE `orders` DISABLE KEYS */;
INSERT INTO `orders` VALUES (1262,10,'20141116','16:13',4,113,1,4,0,29,0),(1263,10,'20141116','16:40',12,123,1,0,0,45.5,44),(1264,10,'20141116','16:42',10,100,1,0,0,45.5,35),(1265,10,'20141116','16:44',10,130,1,4,0,53,0),(1266,10,'20141116','17:09',12,123,1,0,0,43,44),(1272,10,'20141117','12:04',23,123,1,2,1,43,0),(1276,10,'20141117','12:59',21,123,1,2,1,62,0),(1281,12,'20141117','13:06',0,123,1,0,0,105,55),(1282,10,'20141117','13:19',5,100,1,0,1,45.5,35),(1283,12,'20141117','13:23',0,100,1,0,0,58,33),(1284,12,'20141117','13:24',0,100,1,0,0,35,34),(1285,10,'20141117','13:25',4,100,1,4,1,45.5,0),(1288,10,'20141117','15:42',11,156,1,0,1,132.5,166),(1289,10,'20141117','15:43',11,156,1,0,1,74.5,166),(1290,10,'20141117','15:45',222,156,1,0,1,74.5,166),(1291,10,'20141117','15:46',222,156,1,0,1,74.5,166),(1292,10,'20141117','16:39',2,154,1,2,1,48,42),(1293,10,'20141117','16:41',2,154,1,2,1,87,43),(1294,10,'20141117','16:47',12,123,1,2,1,21.5,45),(1295,10,'20141117','16:47',12,123,1,2,1,92,46),(1296,10,'20141117','17:00',21,123,1,2,1,134.5,0),(1297,12,'20141117','17:20',0,154,1,4,0,70,0),(1298,12,'20141117','17:23',0,154,1,4,0,35,0),(1299,10,'20141118','08:19',20,155,1,2,1,45.5,49),(1300,10,'20141118','08:19',20,155,1,2,1,75,50),(1301,10,'20141118','08:20',20,155,1,2,1,55,50),(1302,10,'20141118','10:59',1,156,1,0,1,45.5,166),(1303,10,'20141118','11:21',1,155,1,2,1,45.5,51),(1304,10,'20141118','11:54',15,123,1,2,1,134,52),(1305,10,'20141118','11:56',36,123,1,0,1,66,53),(1306,10,'20141118','11:58',15,123,1,0,1,35,54),(1307,10,'20141118','12:52',23,123,1,0,1,45.5,56),(1308,10,'20141118','12:56',23,123,1,0,1,50.5,57),(1309,10,'20141118','12:56',23,123,1,0,1,74.5,58),(1310,10,'20141118','12:57',23,123,1,0,1,50.5,59),(1311,12,'20141118','15:08',0,157,1,0,0,35,63),(1312,12,'20141118','16:30',0,157,1,0,0,23,63),(1313,10,'20141118','16:45',6,157,1,0,1,48,60),(1314,10,'20141118','16:47',55,157,1,0,1,29,61),(1315,10,'20141118','16:47',55,157,1,0,1,29,62),(1316,12,'20141118','16:57',0,157,1,0,0,70,63),(1317,12,'20141118','16:57',0,157,1,0,0,35,63),(1318,12,'20141118','16:57',0,157,1,0,0,35,63),(1319,12,'20141118','16:58',0,157,1,0,0,23,64),(1320,12,'20141118','16:58',0,157,1,0,0,23,66),(1321,12,'20141118','17:10',0,157,1,0,0,46,66),(1322,12,'20141118','17:12',0,157,1,0,0,46,68),(1323,10,'20141118','17:13',5,157,1,0,1,58,71),(1324,10,'20141118','17:13',5,157,1,0,1,48,71),(1325,10,'20141118','17:17',5,157,1,0,1,96,74),(1326,10,'20141118','17:19',5,157,1,0,1,24,74),(1327,10,'20141118','17:23',5,157,1,0,1,116,77),(1328,12,'20141118','17:28',0,156,1,4,0,93,0),(1329,10,'20141118','17:28',5,157,1,0,1,232,77),(1330,10,'20141118','17:30',555,157,1,0,1,24,78),(1331,12,'20141118','17:30',0,157,1,0,0,58,79),(1332,12,'20141118','21:53',0,157,1,0,0,23,80),(1333,10,'20141119','01:15',29,123,1,2,1,43,81),(1334,10,'20141119','01:15',29,123,1,2,1,33,82),(1335,10,'20141119','02:42',5,157,1,2,1,48,83),(1336,12,'20141119','03:14',0,157,1,0,0,46,84),(1337,12,'20141119','04:09',0,157,1,0,0,23,85),(1338,12,'20141119','04:11',0,157,1,0,0,35,90),(1339,12,'20141119','04:12',0,157,1,0,0,70,90),(1340,10,'20141119','07:11',1,155,1,2,1,21.5,0),(1341,10,'20141119','08:30',1,155,1,2,1,45.5,0),(1342,10,'20141119','09:12',1,155,1,2,1,53,0),(1343,10,'20141119','09:15',1,155,1,2,1,45.5,0),(1344,10,'20141119','09:23',1,155,1,2,1,45.5,0),(1345,10,'20141119','09:29',1,155,1,2,1,74.5,0),(1346,10,'20141119','10:36',25,123,1,0,1,21.5,86),(1347,12,'20141119','10:41',0,123,1,0,0,93,87),(1348,12,'20141119','11:47',0,123,1,0,0,70,88),(1349,10,'20141119','12:01',12,156,1,0,1,57,166),(1350,10,'20141119','12:02',12,156,1,0,1,98,166),(1351,10,'20141119','12:03',12,156,1,0,1,66,166),(1352,10,'20141119','14:24',11,156,1,0,1,57,166),(1353,10,'20141119','14:26',11,156,1,0,1,88,166),(1354,10,'20141119','14:51',11,156,1,0,1,45.5,166),(1355,10,'20141119','16:24',11,156,1,0,1,103.5,166),(1356,10,'20141119','16:45',63,157,1,0,1,29,145),(1357,10,'20141119','18:02',5666,157,1,0,1,48,145),(1358,12,'20141119','18:05',0,157,1,0,0,70,90),(1359,12,'20141119','18:18',0,157,1,0,0,70,90),(1360,12,'20141119','18:47',0,157,1,0,0,35,91),(1361,12,'20141119','18:48',0,157,1,0,0,23,92),(1362,10,'20141119','18:57',25,123,1,0,1,45.5,96),(1363,10,'20141119','19:01',11,156,1,0,1,93.5,166),(1364,12,'20141119','19:08',0,157,1,0,0,35,97),(1365,10,'20141119','19:19',120,123,1,0,1,230,96),(1366,12,'20141119','21:22',0,157,1,0,0,23,97),(1367,12,'20141119','21:27',0,157,1,0,0,23,97),(1368,12,'20141119','21:29',0,157,1,0,0,23,97),(1369,12,'20141119','21:30',0,157,1,0,0,23,97),(1370,12,'20141119','21:33',0,157,1,0,0,23,97),(1371,12,'20141119','21:35',0,157,1,0,0,23,98),(1372,12,'20141119','21:41',0,157,1,0,0,35,99),(1373,12,'20141119','21:42',0,157,1,0,0,23,100),(1374,12,'20141119','21:43',0,157,1,0,0,35,102),(1375,12,'20141119','21:43',0,157,1,0,0,23,103),(1376,12,'20141119','21:54',0,157,1,0,0,35,104),(1377,12,'20141119','21:58',0,157,1,0,0,23,105),(1378,12,'20141119','22:00',0,157,1,0,0,23,105),(1379,12,'20141119','22:03',0,157,1,0,0,23,105),(1380,12,'20141119','22:04',0,157,1,0,0,23,106),(1381,12,'20141119','22:05',0,157,1,0,0,46,106),(1382,16,'20141119','22:05',0,157,1,0,0,84,107),(1383,10,'20141119','22:05',5,157,1,0,1,58,145),(1384,16,'20141119','22:06',0,157,1,0,0,28,108),(1385,12,'20141119','22:07',0,157,1,0,0,23,109),(1386,12,'20141119','22:09',0,157,1,0,0,23,110),(1387,12,'20141119','22:10',0,157,1,0,0,23,110),(1388,12,'20141119','22:10',0,157,1,0,0,23,110),(1389,12,'20141119','22:11',0,157,1,0,0,23,110),(1390,12,'20141119','22:12',0,157,1,0,0,35,110),(1391,12,'20141119','22:13',0,157,1,0,0,35,110),(1392,12,'20141119','22:15',0,157,1,0,0,23,111),(1393,10,'20141120','14:12',11,156,1,0,1,55,166),(1394,10,'20141120','14:54',11,156,1,0,1,45.5,166),(1395,10,'20141120','14:57',11,156,1,0,1,45.5,166),(1396,10,'20141120','14:59',11,156,1,0,1,45.5,166),(1397,10,'20141120','15:44',11,156,1,0,1,74.5,166),(1398,10,'20141120','16:44',12,123,1,0,1,45.5,163),(1399,13,'20141121','22:36',55,157,1,1,1,21.5,145),(1400,13,'20141121','22:59',0,157,1,1,1,23,146),(1401,13,'20141121','23:02',0,157,1,1,1,92,147),(1402,13,'20141121','23:02',0,157,1,1,1,94,148),(1403,12,'20141121','09:58',0,123,1,0,0,10599,155),(1404,10,'20141121','13:49',11,156,1,1,1,74.5,166),(1405,10,'20141121','14:49',55,157,1,1,1,87,157),(1406,10,'20141121','15:43',11,156,1,1,1,74.5,166),(1407,10,'20141121','17:39',5,157,1,1,1,116,159),(1408,10,'20141122','02:46',2,157,1,0,1,29,161),(1409,10,'20141122','02:52',5,157,1,0,1,58,162),(1410,10,'20141122','10:07',8,123,1,0,1,909,163),(1411,10,'20141122','17:00',11,157,1,0,1,45.5,169),(1412,10,'20141122','17:00',11,156,1,0,1,74.5,166),(1413,10,'20141122','17:02',12,156,1,0,1,43,166),(1414,10,'20141122','17:21',12,123,1,0,1,21.5,164),(1415,10,'20141122','17:21',22,156,1,0,1,91,166),(1416,12,'20141122','17:24',0,157,1,0,0,70,168),(1417,10,'20141122','17:25',22,156,1,0,1,48,166),(1418,10,'20141122','17:26',12,123,1,0,1,74.5,165),(1419,10,'20141122','17:27',1,155,1,0,0,45.5,172),(1420,10,'20141122','17:28',22,156,1,0,0,48,166),(1421,10,'20141122','17:30',22,156,1,0,0,43,167),(1422,10,'20141122','17:30',22,156,1,0,0,86,167),(1423,12,'20141122','17:31',0,157,1,0,0,70,168),(1424,10,'20141122','17:31',5,157,1,0,0,87,169),(1425,10,'20141122','17:31',5,157,1,0,0,96,169),(1426,10,'20141122','17:31',5,157,1,0,0,48,170),(1427,10,'20141122','17:32',5,157,1,0,0,24,170),(1428,10,'20141122','18:26',5,157,1,0,0,58,171),(1429,10,'20141122','22:23',1,155,1,0,0,45.5,172),(1430,10,'20141122','22:30',1,155,1,0,0,74.5,173),(1431,10,'20141123','03:46',5,157,1,2,1,96,176),(1432,10,'20141123','04:03',5555,157,1,2,1,145,177),(1433,10,'20141123','07:52',55,157,1,2,1,29,178),(1434,10,'20141123','07:55',8,157,1,2,1,29,178),(1435,10,'20141123','07:56',5,157,1,2,1,29,178),(1436,10,'20141123','07:56',2,157,1,2,1,29,179),(1437,10,'20141123','07:59',55,157,1,2,1,29,179),(1438,10,'20141123','08:00',55,157,1,2,1,58,180),(1439,10,'20141123','08:00',55,157,1,2,1,58,180),(1440,10,'20141123','08:05',5,157,1,2,1,111,180),(1441,10,'20141123','08:05',5,157,1,2,1,21.5,180),(1442,10,'20141123','08:13',5,157,1,2,1,58,181),(1443,10,'20141123','08:19',5,157,1,2,1,21.5,182),(1444,10,'20141123','08:19',5,157,1,2,1,29,183),(1445,10,'20141123','08:52',55,157,1,2,1,87,184),(1446,10,'20141123','10:30',25,123,1,2,1,21.5,0),(1447,10,'20141123','11:26',8,157,1,4,0,45.5,0),(1448,10,'20141123','13:44',22,156,1,4,0,74.5,0),(1449,10,'20141203','08:05',38,123,1,0,1,45.5,185),(1450,10,'20141203','13:29',1,155,1,0,1,45.5,186),(1451,10,'20141203','13:33',1,155,1,0,1,74.5,187),(1452,10,'20141203','14:00',11,156,1,4,1,199.5,0),(1453,10,'20141203','15:31',1,155,1,0,1,74.5,188),(1454,10,'20141203','15:32',1,155,1,4,1,53,0),(1455,10,'20141203','15:35',1,155,1,4,1,45.5,0),(1456,10,'20141203','15:38',12,155,1,4,1,103.5,0),(1457,10,'20141203','16:03',11,156,1,4,1,53,0),(1458,10,'20141203','16:43',25,155,1,4,1,45.5,0),(1459,10,'20141201','17:59',12,156,1,4,1,90,0),(1460,10,'20141201','18:10',12,156,1,4,1,45.5,0),(1461,16,'20141203','20:42',0,159,1,4,0,56,189),(1462,10,'20141205','12:16',5,159,1,4,1,87,0),(1463,10,'20141205','12:16',5,159,1,4,1,58,193),(1464,10,'20141205','12:20',5,159,1,4,1,29,194),(1465,10,'20141205','12:21',5,159,1,0,1,29,195),(1466,10,'20141205','12:22',5,159,1,4,1,58,0),(1467,10,'20141205','12:22',5,159,1,0,1,58,196),(1468,10,'20141206','15:57',2,159,1,0,0,24,198),(1469,10,'20141207','01:55',5,159,1,0,0,29,200),(1470,10,'20141207','01:55',5,159,1,0,0,58,201),(1471,10,'20141207','01:56',5,159,1,4,0,58,0),(1472,10,'20141207','01:56',5,159,1,0,0,29,203),(1473,10,'20141207','02:02',5,159,1,0,0,29,204),(1474,10,'20141207','02:06',5,159,1,4,0,29,0),(1475,10,'20141207','02:06',5,159,1,0,0,29,205),(1476,10,'20141207','02:09',5,159,1,0,0,29,206),(1477,10,'20141207','12:38',5,159,1,0,0,24,208),(1478,10,'20141207','12:39',5,159,1,0,0,58,210),(1479,10,'20141207','17:56',22,159,1,0,0,58,213);
/*!40000 ALTER TABLE `orders` ENABLE KEYS */;
UNLOCK TABLES;

--
-- Table structure for table `payment`
--

DROP TABLE IF EXISTS `payment`;
/*!40101 SET @saved_cs_client     = @@character_set_client */;
/*!40101 SET character_set_client = utf8 */;
CREATE TABLE `payment` (
  `paymentID` int(11) NOT NULL AUTO_INCREMENT,
  `mall` tinytext COLLATE utf8_bin NOT NULL,
  `pingpp` char(32) COLLATE utf8_bin NOT NULL,
  `client_ip` tinytext COLLATE utf8_bin NOT NULL,
  `channel` tinytext COLLATE utf8_bin NOT NULL,
  `userID` int(11) NOT NULL,
  `storeID` int(11) NOT NULL,
  `amount` double NOT NULL,
  `date` tinytext COLLATE utf8_bin NOT NULL,
  `time` tinytext COLLATE utf8_bin NOT NULL,
  `pay_status` tinytext COLLATE utf8_bin NOT NULL,
  PRIMARY KEY (`paymentID`),
  KEY `pingpp` (`pingpp`)
) ENGINE=InnoDB AUTO_INCREMENT=216 DEFAULT CHARSET=utf8 COLLATE=utf8_bin;
/*!40101 SET character_set_client = @saved_cs_client */;

--
-- Dumping data for table `payment`
--

LOCK TABLES `payment` WRITE;
/*!40000 ALTER TABLE `payment` DISABLE KEYS */;
INSERT INTO `payment` VALUES (1,'normal','00000000000000000000000000000020','','',0,0,0,'','',''),(2,'normal','00000000000000000000000000000021','61.148.244.245','wx',100,0,6,'20141114','22:20','payed'),(3,'normal','00000000000000000000000000000022','61.148.244.245','upmp',100,0,63,'20141114','22:21','payed'),(4,'normal','00000000000000000000000000000023','61.148.244.245','alipay',100,0,66,'20141114','22:21','payed'),(5,'normal','00000000000000000000000000000024','61.148.244.245','wx',100,0,0.05,'20141114','22:21','payed'),(6,'normal','00000000000000000000000000000025','61.148.244.245','wx',100,0,6,'20141114','22:21','payed'),(7,'normal','','61.148.244.245','purse',100,12,70,'20141114','22:21','payed'),(8,'normal','00000000000000000000000000000026','61.148.244.245','alipay',100,0,66,'20141114','22:22','payed'),(9,'normal','00000000000000000000000000000027','61.148.244.245','wx',100,0,0.95,'20141114','22:23','payed'),(10,'normal','00000000000000000000000000000028','220.141.127.58','upmp',123,0,36,'20141115','10:44','payed'),(11,'normal','','61.222.103.224','purse',123,1,196,'20141115','10:45','payed'),(12,'normal','','61.222.103.224','purse',123,10,74.5,'20141115','10:46','payed'),(13,'normal','','61.148.244.245','purse',100,10,45.5,'20141115','19:45','payed'),(14,'normal','','183.81.181.122','purse',100,10,29,'20141116','13:35','payed'),(15,'normal','00000000000000000000000000000029','183.81.181.122','wx',100,0,5555,'20141116','14:11','payed'),(16,'normal','0000000000000000000000000000002a','183.81.181.122','alipay',123,0,388,'20141116','14:11','payed'),(17,'normal','0000000000000000000000000000002b','183.81.181.122','upmp',123,0,25,'20141116','14:11','payed'),(18,'normal','','183.81.181.122','purse',100,10,135.5,'20141116','15:34','payed'),(19,'normal','0000000000000000000000000000002c','183.81.181.122','upmp',100,0,120,'20141116','15:36','payed'),(20,'normal','0000000000000000000000000000002d','183.81.181.122','wx',100,0,150,'20141116','15:36','payed'),(21,'normal','0000000000000000000000000000002e','183.81.181.122','wx',0,0,10000,'20141116','15:39','payed'),(22,'normal','0000000000000000000000000000002f','183.81.181.122','wx',0,0,1000,'20141116','15:39','payed'),(23,'normal','0000000000000000000000000000002g','183.81.181.122','upmp',0,0,500,'20141116','15:39','payed'),(24,'normal','','183.81.181.122','purse',0,10,0,'20141116','15:40','payed'),(25,'normal','0000000000000000000000000000002h','183.81.181.122','upmp',0,0,23,'20141116','15:41','payed'),(26,'normal','0000000000000000000000000000002i','183.81.181.122','alipay',0,0,235,'20141116','15:41','unpayed'),(27,'normal','0000000000000000000000000000002j','183.81.181.122','upmp',0,0,21,'20141116','15:41','payed'),(28,'normal','0000000000000000000000000000002k','183.81.181.122','wx',0,0,1000,'20141116','15:43','payed'),(29,'normal','','183.81.181.122','purse',0,1,0,'20141116','15:43','payed'),(30,'normal','0000000000000000000000000000002l','106.37.2.101','wx',0,0,1000,'20141117','10:26','payed'),(31,'normal','0000000000000000000000000000002m','114.248.0.122','wx',0,0,123,'20141117','12:56','payed'),(32,'normal','0000000000000000000000000000002n','114.248.0.122','upmp',0,0,258,'20141117','12:56','payed'),(33,'normal','','114.242.248.56','purse',100,12,58,'20141117','13:23','payed'),(34,'normal','','114.242.248.56','purse',100,12,35,'20141117','13:24','payed'),(35,'normal','','114.242.248.56','purse',100,10,91,'20141117','13:25','payed'),(36,'normal','0000000000000000000000000000002o','114.242.248.50','wx',154,0,4,'20141117','13:50','payed'),(37,'normal','0000000000000000000000000000002p','114.242.248.50','upmp',154,0,66,'20141117','13:50','payed'),(38,'normal','0000000000000000000000000000002q','117.136.38.66','wx',155,0,25,'20141117','13:54','payed'),(39,'normal','0000000000000000000000000000002r','117.136.38.66','wx',155,0,529,'20141117','13:55','payed'),(40,'normal','0000000000000000000000000000002s','222.130.130.63','wx',154,0,55,'20141117','16:39','payed'),(41,'normal','0000000000000000000000000000002t','222.130.130.63','alipay',154,0,22,'20141117','16:39','payed'),(42,'normal','','222.130.130.63','purse',154,10,48,'20141117','16:39','payed'),(43,'normal','','61.148.244.214','purse',154,10,87,'20141117','16:41','payed'),(44,'normal','','61.148.243.175','purse',123,10,88.5,'20141117','16:41','payed'),(45,'normal','','61.148.243.175','purse',123,10,21.5,'20141117','16:47','payed'),(46,'normal','','61.148.243.175','purse',123,10,92,'20141117','16:47','payed'),(47,'normal','0000000000000000000000000000002u','61.148.243.127','wx',157,0,65,'20141117','21:48','payed'),(48,'normal','0000000000000000000000000000002v','61.148.243.127','alipay',157,0,563,'20141117','21:48','payed'),(49,'normal','','114.248.12.78','purse',155,10,45.5,'20141118','08:19','payed'),(50,'normal','','114.248.12.78','purse',155,10,130,'20141118','08:20','payed'),(51,'normal','','114.250.104.98','purse',155,10,45.5,'20141118','11:21','payed'),(52,'normal','','114.242.123.100','purse',123,10,134,'20141118','11:55','payed'),(53,'normal','','61.148.244.234','purse',123,10,66,'20141118','11:57','payed'),(54,'normal','','61.148.244.234','purse',123,10,35,'20141118','11:58','payed'),(55,'normal','','61.148.244.234','purse',123,12,105,'20141118','12:04','payed'),(56,'normal','','61.148.244.234','purse',123,10,45.5,'20141118','12:55','payed'),(57,'normal','','61.148.244.234','purse',123,10,50.5,'20141118','12:56','payed'),(58,'normal','','61.148.244.234','purse',123,10,74.5,'20141118','12:56','payed'),(59,'normal','','61.148.244.234','purse',123,10,50.5,'20141118','12:57','payed'),(60,'normal','','222.130.130.63','purse',157,10,48,'20141118','16:45','payed'),(61,'normal','','61.148.243.8','purse',157,10,29,'20141118','16:47','payed'),(62,'normal','','61.148.243.8','purse',157,10,29,'20141118','16:47','payed'),(63,'normal','','61.148.243.8','purse',157,12,198,'20141118','16:57','payed'),(64,'normal','','61.148.243.8','purse',157,12,23,'20141118','16:58','payed'),(65,'normal','0000000000000000000000000000002w','61.148.243.8','wx',157,12,69,'20141118','17:11','payed'),(66,'normal','','61.148.243.8','purse',157,12,69,'20141118','17:11','payed'),(67,'normal','0000000000000000000000000000002x','61.148.243.8','wx',157,12,46,'20141118','17:12','payed'),(68,'normal','','61.148.243.8','purse',157,12,46,'20141118','17:12','payed'),(69,'normal','0000000000000000000000000000002y','61.148.243.8','wx',157,10,58,'20141118','17:13','payed'),(70,'normal','0000000000000000000000000000002z','61.148.243.8','wx',157,10,106,'20141118','17:13','payed'),(71,'normal','','61.148.243.8','purse',157,10,106,'20141118','17:13','payed'),(72,'normal','00000000000000000000000000000030','61.148.243.8','upmp',157,10,96,'20141118','17:17','payed'),(73,'normal','00000000000000000000000000000031','61.148.243.8','wx',157,10,120,'20141118','17:19','unpayed'),(74,'normal','','61.148.243.8','purse',157,10,120,'20141118','17:23','payed'),(75,'normal','00000000000000000000000000000032','61.148.243.8','wx',157,10,116,'20141118','17:23','payed'),(76,'normal','00000000000000000000000000000033','61.148.243.8','upmp',157,10,348,'20141118','17:28','payed'),(77,'normal','','61.148.243.8','purse',157,10,348,'20141118','17:28','payed'),(78,'normal','','61.148.243.8','purse',157,10,24,'20141118','17:30','payed'),(79,'normal','','61.148.243.8','purse',157,12,58,'20141118','17:30','payed'),(80,'normal','','222.130.130.63','purse',157,12,23,'20141118','21:53','payed'),(81,'normal','','61.148.243.79','purse',123,10,43,'20141119','01:15','payed'),(82,'normal','','61.148.243.79','purse',123,10,33,'20141119','01:15','payed'),(83,'normal','00000000000000000000000000000034','222.130.130.63','wx',157,10,48,'20141119','02:42','payed'),(84,'normal','00000000000000000000000000000035','114.242.250.225','wx',157,12,46,'20141119','03:14','payed'),(85,'normal','00000000000000000000000000000036','222.130.130.63','upmp',157,12,23,'20141119','04:09','payed'),(86,'normal','','114.242.123.100','purse',123,10,21.5,'20141119','10:36','payed'),(87,'normal','','114.242.250.206','purse',123,12,93,'20141119','10:41','payed'),(88,'normal','','114.242.249.139','purse',123,12,70,'20141119','11:47','payed'),(89,'normal','00000000000000000000000000000037','114.242.250.225','wx',157,0,33,'20141119','16:45','payed'),(90,'normal','','123.123.252.48','purse',157,12,245,'20141119','18:20','payed'),(91,'normal','00000000000000000000000000000038','123.123.252.48','wx',157,12,35,'20141119','18:47','payed'),(92,'normal','00000000000000000000000000000039','123.123.252.48','alipay',157,12,23,'20141119','18:48','payed'),(93,'normal','0000000000000000000000000000003a','61.148.243.19','wx',123,0,1000,'20141119','19:18','payed'),(94,'normal','0000000000000000000000000000003b','61.148.243.19','alipay',123,0,1000,'20141119','19:18','payed'),(95,'normal','0000000000000000000000000000003c','61.148.243.19','alipay',123,0,999999,'20141119','19:19','payed'),(96,'normal','','61.148.243.19','purse',123,10,275.5,'20141119','19:19','payed'),(97,'normal','0000000000000000000000000000003d','61.148.243.91','alipay',157,12,150,'20141119','21:33','payed'),(98,'normal','0000000000000000000000000000003e','61.148.243.91','upmp',157,12,23,'20141119','21:35','payed'),(99,'normal','0000000000000000000000000000003f','123.123.252.48','alipay',157,12,35,'20141119','21:41','payed'),(100,'normal','0000000000000000000000000000003g','61.148.243.91','alipay',157,12,23,'20141119','21:43','payed'),(101,'normal','0000000000000000000000000000003h','61.148.243.91','upmp',157,0,858,'20141119','21:43','payed'),(102,'normal','','61.148.243.91','purse',157,12,35,'20141119','21:43','payed'),(103,'normal','','61.148.243.91','purse',157,12,23,'20141119','21:43','payed'),(104,'normal','0000000000000000000000000000003i','61.148.243.91','alipay',157,12,35,'20141119','21:54','payed'),(105,'normal','0000000000000000000000000000003j','61.148.243.91','alipay',157,12,69,'20141119','22:04','payed'),(106,'normal','0000000000000000000000000000003k','61.148.243.91','alipay',157,12,69,'20141119','22:05','payed'),(107,'normal','0000000000000000000000000000003l','61.148.243.91','upmp',157,16,84,'20141119','22:05','payed'),(108,'normal','','61.148.243.91','purse',157,16,28,'20141119','22:06','payed'),(109,'normal','0000000000000000000000000000003m','61.148.243.91','alipay',157,12,23,'20141119','22:08','payed'),(110,'normal','0000000000000000000000000000003n','61.148.243.91','wx',157,12,162,'20141119','22:14','payed'),(111,'normal','0000000000000000000000000000003o','123.123.252.48','upmp',157,12,23,'20141119','22:15','payed'),(112,'normal','0000000000000000000000000000003p','123.123.252.48','wx',157,0,5,'20141120','04:00','payed'),(113,'normal','0000000000000000000000000000003q','114.242.250.110','upmp',157,0,5,'20141120','04:00','payed'),(114,'normal','0000000000000000000000000000003r','114.242.250.110','wx',157,0,86,'20141120','04:03','payed'),(115,'normal','0000000000000000000000000000003s','114.242.250.110','upmp',157,0,563,'20141120','04:10','payed'),(116,'normal','0000000000000000000000000000003t','114.252.210.221','wx',157,0,663,'20141120','13:02','payed'),(117,'normal','0000000000000000000000000000003u','114.252.210.221','upmp',157,0,3,'20141120','16:14','payed'),(118,'normal','0000000000000000000000000000003v','114.252.210.221','wx',157,0,55.55,'20141120','16:15','payed'),(119,'normal','0000000000000000000000000000003w','114.252.210.221','wx',157,0,5,'20141120','18:35','unpayed'),(120,'normal','0000000000000000000000000000003x','61.148.244.183','wx',157,0,56,'20141120','22:07','unpayed'),(121,'normal','0000000000000000000000000000003y','61.148.244.183','wx',157,0,63,'20141120','22:08','unpayed'),(122,'normal','0000000000000000000000000000003z','61.148.244.183','upmp',157,0,63,'20141120','22:08','unpayed'),(123,'normal','00000000000000000000000000000040','61.148.244.183','wx',157,0,3,'20141120','22:08','unpayed'),(124,'normal','00000000000000000000000000000041','61.148.244.183','wx',157,0,6,'20141120','22:08','unpayed'),(125,'normal','00000000000000000000000000000042','61.148.244.183','wx',157,0,6,'20141120','22:16','unpayed'),(126,'normal','00000000000000000000000000000043','114.252.210.221','upmp',157,0,66,'20141120','22:18','unpayed'),(127,'normal','00000000000000000000000000000044','114.252.210.221','upmp',157,0,6,'20141120','22:18','unpayed'),(128,'normal','00000000000000000000000000000045','114.252.210.221','alipay',157,0,11,'20141120','22:18','unpayed'),(129,'normal','00000000000000000000000000000046','114.252.210.221','upmp',157,0,5,'20141120','22:19','payed'),(130,'normal','00000000000000000000000000000047','61.148.244.183','alipay',157,0,5,'20141120','22:21','payed'),(131,'normal','00000000000000000000000000000048','114.252.210.221','upmp',157,0,552,'20141120','22:24','payed'),(132,'normal','00000000000000000000000000000049','114.242.248.127','upmp',157,0,33,'20141120','22:24','unpayed'),(133,'normal','0000000000000000000000000000004a','114.242.248.127','upmp',157,0,999,'20141120','22:24','payed'),(134,'normal','0000000000000000000000000000004b','114.252.210.221','upmp',157,0,8,'20141120','22:24','payed'),(135,'normal','0000000000000000000000000000004c','114.242.248.127','upmp',157,0,2,'20141120','22:24','unpayed'),(136,'normal','0000000000000000000000000000004d','114.252.210.221','upmp',157,0,55,'20141120','22:25','payed'),(137,'normal','0000000000000000000000000000004e','114.242.248.127','upmp',157,0,55,'20141120','22:25','payed'),(138,'normal','0000000000000000000000000000004f','114.242.248.127','upmp',157,0,5,'20141120','22:25','payed'),(139,'normal','0000000000000000000000000000004g','61.148.244.216','alipay',157,0,8,'20141120','22:27','payed'),(140,'normal','0000000000000000000000000000004h','61.148.244.216','upmp',157,0,8,'20141120','22:27','payed'),(141,'normal','0000000000000000000000000000004i','61.148.244.216','upmp',157,0,5,'20141120','22:27','payed'),(142,'normal','0000000000000000000000000000004j','114.242.250.174','upmp',157,0,5,'20141120','22:29','payed'),(143,'normal','0000000000000000000000000000004k','114.242.250.174','upmp',157,0,88,'20141120','22:29','payed'),(144,'normal','0000000000000000000000000000004l','114.242.250.174','alipay',157,0,55,'20141120','22:30','payed'),(145,'normal','0000000000000000000000000000004m','114.242.250.174','wx',157,10,156.5,'20141120','22:36','payed'),(146,'normal','0000000000000000000000000000004n','114.242.248.151','wx',157,12,23,'20141120','22:59','payed'),(147,'normal','0000000000000000000000000000004o','114.242.248.151','wx',157,12,92,'20141120','23:01','payed'),(148,'normal','0000000000000000000000000000004p','114.242.248.151','upmp',157,13,94,'20141120','23:01','payed'),(149,'normal','0000000000000000000000000000004q','114.242.248.151','upmp',157,0,6,'20141120','23:02','payed'),(150,'normal','0000000000000000000000000000004r','114.242.250.19','upmp',157,0,0.05,'20141121','00:00','payed'),(151,'normal','0000000000000000000000000000004s','114.242.250.19','wx',157,0,1,'20141121','00:01','payed'),(152,'normal','0000000000000000000000000000004t','114.242.250.19','alipay',157,0,6,'20141121','00:01','payed'),(153,'normal','0000000000000000000000000000004u','114.242.250.19','wx',157,0,4,'20141121','00:01','payed'),(154,'normal','0000000000000000000000000000004v','114.242.250.19','wx',157,0,6,'20141121','00:02','payed'),(155,'normal','','61.148.244.40','purse',123,12,10599,'20141121','09:58','payed'),(156,'normal','0000000000000000000000000000004w','114.242.250.19','wx',157,0,0.4,'20141121','14:47','payed'),(157,'normal','0000000000000000000000000000004x','114.242.250.19','upmp',157,10,87,'20141121','14:49','payed'),(158,'normal','0000000000000000000000000000004y','114.242.250.19','upmp',157,0,4,'20141121','16:05','payed'),(159,'normal','0000000000000000000000000000004z','114.242.250.19','wx',157,10,116,'20141121','17:39','payed'),(160,'normal','00000000000000000000000000000050','61.148.243.85','upmp',157,0,9,'20141122','02:46','payed'),(161,'normal','','61.148.243.85','purse',157,10,29,'20141122','02:46','payed'),(162,'normal','','61.148.243.85','purse',157,10,58,'20141122','02:53','payed'),(163,'normal','00000000000000000000000000000051','114.242.248.173','wx',123,10,954.5,'20141122','10:07','payed'),(164,'normal','','61.148.244.190','purse',123,10,21.5,'20141122','17:25','payed'),(165,'normal','00000000000000000000000000000052','61.148.244.190','wx',123,10,74.5,'20141122','17:27','payed'),(166,'normal','00000000000000000000000000000053','106.37.3.122','alipay',156,10,1729.5,'20141122','17:30','payed'),(167,'normal','00000000000000000000000000000054','106.37.3.122','wx',156,10,129,'20141122','17:31','payed'),(168,'normal','00000000000000000000000000000055','183.81.181.122','alipay',157,12,140,'20141122','17:31','payed'),(169,'normal','00000000000000000000000000000056','183.81.181.122','upmp',157,10,228.5,'20141122','17:31','payed'),(170,'normal','','183.81.181.122','purse',157,10,72,'20141122','17:32','payed'),(171,'normal','00000000000000000000000000000057','61.148.242.180','upmp',157,10,58,'20141122','18:26','payed'),(172,'normal','00000000000000000000000000000058','222.128.161.107','wx',155,10,91,'20141122','22:23','payed'),(173,'normal','00000000000000000000000000000059','222.128.161.107','upmp',155,10,74.5,'20141122','22:30','payed'),(174,'normal','0000000000000000000000000000005a','114.245.209.179','wx',158,0,100,'20141122','23:41','payed'),(175,'normal','0000000000000000000000000000005b','114.245.209.179','alipay',158,0,10000000,'20141122','23:41','payed'),(176,'normal','','123.114.38.57','purse',157,10,96,'20141123','03:46','payed'),(177,'normal','','114.242.250.127','purse',157,10,145,'20141123','04:03','payed'),(178,'normal','','114.242.250.127','purse',157,10,87,'20141123','07:56','payed'),(179,'normal','0000000000000000000000000000005c','114.242.250.127','upmp',157,10,58,'20141123','08:00','payed'),(180,'normal','','114.242.250.127','purse',157,10,248.5,'20141123','08:05','payed'),(181,'normal','0000000000000000000000000000005d','123.114.38.57','wx',157,10,58,'20141123','08:14','payed'),(182,'normal','','114.242.250.127','purse',157,10,21.5,'20141123','08:19','payed'),(183,'normal','0000000000000000000000000000005e','114.242.250.127','upmp',157,10,29,'20141123','08:19','payed'),(184,'normal','0000000000000000000000000000005f','61.148.244.43','upmp',157,10,87,'20141123','09:45','payed'),(185,'normal','0000000000000000000000000000005g','114.111.166.176','upmp',123,10,45.5,'20141124','08:05','payed'),(186,'normal','0000000000000000000000000000005h','114.248.25.165','alipay',155,10,45.5,'20141124','13:29','payed'),(187,'normal','0000000000000000000000000000005i','114.248.25.165','upmp',155,10,74.5,'20141124','13:33','payed'),(188,'normal','0000000000000000000000000000005j','111.197.152.53','wx',155,10,74.5,'20141124','15:31','payed'),(189,'normal','0000000000000000000000000000005k','61.148.243.124','upmp',159,16,56,'20141124','20:43','unpayed'),(190,'normal','00000000000000000000000010000000','61.148.243.124','upmp',159,0,5,'20141124','20:43','unpayed'),(192,'normal','00000000000000000000000010000001','61.148.243.124','upmp',159,0,5,'20141124','20:48','unpayed'),(193,'normal','00000000000000000000000010000002','222.130.130.241','wx',159,10,58,'20141205','12:16','unpayed'),(194,'normal','00000000000000000000000010000003','61.148.243.132','wx',159,10,29,'20141205','12:20','unpayed'),(195,'normal','00000000000000000000000010000004','61.148.243.132','wx',159,10,29,'20141205','12:21','payed'),(196,'normal','00000000000000000000000010000005','61.148.243.132','wx',159,10,58,'20141205','12:22','payed'),(197,'normal','00000000000000000000000010000006','222.130.130.241','wx',159,0,5,'20141205','18:28','payed'),(198,'normal','00000000000000000000000010000007','222.130.130.241','wx',159,10,24,'20141206','15:57','payed'),(199,'normal','00000000000000000000000010000008','61.148.244.13','wx',159,0,6,'20141206','21:38','payed'),(200,'normal','00000000000000000000000010000009','61.148.244.13','wx',159,10,29,'20141207','01:55','payed'),(201,'normal','0000000000000000000000001000000a','61.148.244.13','upmp',159,10,58,'20141207','01:55','payed'),(202,'normal','0000000000000000000000001000000b','222.130.130.241','wx',159,0,55,'20141207','01:56','payed'),(203,'normal','','222.130.130.241','purse',159,10,29,'20141207','01:56','payed'),(204,'normal','0000000000000000000000001000000c','222.130.130.241','wx',159,10,29,'20141207','02:02','payed'),(205,'normal','','114.242.250.142','purse',159,10,29,'20141207','02:06','payed'),(206,'normal','0000000000000000000000001000000d','222.130.130.241','wx',159,10,29,'20141207','02:09','payed'),(207,'normal','0000000000000000000000001000000e','222.130.130.241','upmp',159,0,5,'20141207','12:38','payed'),(208,'normal','0000000000000000000000001000000f','222.130.130.241','wx',159,10,24,'20141207','12:38','payed'),(209,'normal','0000000000000000000000001000000g','222.130.130.241','wx',159,0,55,'20141207','12:39','payed'),(210,'normal','','222.130.130.241','purse',159,10,58,'20141207','12:39','payed'),(211,'normal','0000000000000000000000001000000h','222.130.130.241','wx',159,0,555,'20141207','13:43','payed'),(212,'cash','','222.130.130.241','purse',159,10,15,'20141207','13:43','payed'),(213,'normal','','61.148.244.122','purse',159,10,58,'20141207','17:56','payed'),(214,'cash','0000000000000000000000001000000i','114.242.250.82','upmp',159,10,20,'20141208','00:00','unpayed'),(215,'cash','0000000000000000000000001000000j','222.130.130.241','alipay',159,10,20,'20141208','00:01','payed');
/*!40000 ALTER TABLE `payment` ENABLE KEYS */;
UNLOCK TABLES;

--
-- Table structure for table `service_call`
--

DROP TABLE IF EXISTS `service_call`;
/*!40101 SET @saved_cs_client     = @@character_set_client */;
/*!40101 SET character_set_client = utf8 */;
CREATE TABLE `service_call` (
  `storeID` int(11) NOT NULL,
  `tableID` int(11) NOT NULL,
  `date` tinytext COLLATE utf8_bin NOT NULL,
  `time` tinytext COLLATE utf8_bin NOT NULL,
  `type` int(11) NOT NULL DEFAULT '0',
  `status` int(11) DEFAULT '0',
  PRIMARY KEY (`storeID`,`tableID`,`type`)
) ENGINE=InnoDB DEFAULT CHARSET=utf8 COLLATE=utf8_bin;
/*!40101 SET character_set_client = @saved_cs_client */;

--
-- Dumping data for table `service_call`
--

LOCK TABLES `service_call` WRITE;
/*!40000 ALTER TABLE `service_call` DISABLE KEYS */;
INSERT INTO `service_call` VALUES (10,0,'20141107','00:15',10,2),(10,2,'20141107','00:16',10,2),(10,5,'20141105','17:47',10,2),(10,11,'20141026','18:33',0,2),(10,11,'20141026','18:32',1,2),(10,11,'20141026','18:33',2,2),(10,11,'20141026','18:33',3,2),(10,11,'20141026','18:39',10,1),(10,13,'20141026','18:29',0,2),(10,13,'20141026','18:29',1,2),(10,13,'20141026','18:29',2,2),(10,13,'20141026','18:29',3,2),(10,22,'20141104','22:55',10,1),(10,23,'20141107','00:12',10,2),(10,35,'20141107','00:11',10,2),(10,36,'20141028','23:26',0,2),(10,36,'20141028','23:25',1,2),(10,36,'20141028','23:25',2,2),(10,36,'20141028','23:25',3,2),(10,36,'20141106','23:26',10,2),(10,55,'20141106','17:29',1,2),(13,55,'20141121','17:22',10,1);
/*!40000 ALTER TABLE `service_call` ENABLE KEYS */;
UNLOCK TABLES;

--
-- Table structure for table `specials`
--

DROP TABLE IF EXISTS `specials`;
/*!40101 SET @saved_cs_client     = @@character_set_client */;
/*!40101 SET character_set_client = utf8 */;
CREATE TABLE `specials` (
  `storeID` int(11) NOT NULL,
  `dishID` int(11) NOT NULL,
  PRIMARY KEY (`dishID`,`storeID`)
) ENGINE=InnoDB DEFAULT CHARSET=utf8 COLLATE=utf8_bin;
/*!40101 SET character_set_client = @saved_cs_client */;

--
-- Dumping data for table `specials`
--

LOCK TABLES `specials` WRITE;
/*!40000 ALTER TABLE `specials` DISABLE KEYS */;
INSERT INTO `specials` VALUES (19,101),(12,103),(12,201),(10,1005),(10,1006),(10,1007),(10,2001),(10,3002);
/*!40000 ALTER TABLE `specials` ENABLE KEYS */;
UNLOCK TABLES;

--
-- Table structure for table `storeSessions`
--

DROP TABLE IF EXISTS `storeSessions`;
/*!40101 SET @saved_cs_client     = @@character_set_client */;
/*!40101 SET character_set_client = utf8 */;
CREATE TABLE `storeSessions` (
  `sessionID` int(11) NOT NULL,
  `storeID` int(11) DEFAULT NULL,
  `ip` tinytext,
  `loginDate` tinytext,
  `loginTime` tinytext,
  `logoutDate` tinytext,
  `logoutTime` tinytext,
  PRIMARY KEY (`sessionID`)
) ENGINE=InnoDB DEFAULT CHARSET=utf8;
/*!40101 SET character_set_client = @saved_cs_client */;

--
-- Dumping data for table `storeSessions`
--

LOCK TABLES `storeSessions` WRITE;
/*!40000 ALTER TABLE `storeSessions` DISABLE KEYS */;
INSERT INTO `storeSessions` VALUES (1,10,'192.168.1.100','20141201','14:37:53','20141201','14:38:21'),(2,10,'192.168.1.100','20141201','14:46:06','20141201','14:46:09'),(3,10,'192.168.1.100','20141201','14:46:35','20141201','14:47:14'),(4,10,'192.168.1.100','20141201','14:48:48',NULL,NULL),(5,10,'192.168.1.100','20141201','14:58:06',NULL,NULL),(6,10,'192.168.1.100','20141201','15:10:58','20141201','15:12:17'),(7,10,'192.168.1.100','20141201','15:12:50',NULL,NULL),(8,10,'192.168.1.100','20141201','16:09:22','20141201','16:11:04'),(9,10,'192.168.1.100','20141201','16:17:34','20141201','16:17:38'),(10,10,'192.168.1.100','20141201','16:25:51','20141201','16:28:46'),(11,10,'192.168.1.100','20141201','16:46:11','20141201','16:47:51'),(12,10,'192.168.1.100','20141201','17:09:35','20141201','17:14:38'),(13,10,'192.168.1.100','20141201','17:15:14','20141201','17:18:21'),(14,10,'192.168.1.100','20141201','17:18:49','20141201','17:19:59'),(15,10,'192.168.1.100','20141201','17:33:25','20141201','17:35:33'),(16,10,'192.168.1.100','20141201','17:35:53','20141201','17:37:58'),(17,10,'192.168.1.100','20141201','17:39:02','20141201','17:40:30'),(18,0,'192.168.1.100','20141201','17:53:23','20141201','17:53:25'),(19,24,'192.168.1.100','20141201','17:54:28','20141201','17:59:52'),(20,25,'192.168.1.100','20141201','18:11:35','20141201','18:16:51'),(21,25,'192.168.1.100','20141201','18:17:49','20141201','18:19:05'),(22,25,'192.168.1.100','20141201','18:21:17','20141201','18:21:21'),(23,25,'192.168.1.100','20141201','18:24:17','20141201','18:24:40'),(24,10,'192.168.1.100','20141202','14:57:26',NULL,NULL),(25,10,'192.168.1.100','20141202','15:28:44','20141202','15:30:28'),(26,10,'192.168.1.100','20141202','15:32:13',NULL,NULL),(27,10,'192.168.1.100','20141202','16:07:42','20141202','16:10:32'),(28,10,'192.168.1.100','20141202','16:22:59','20141202','16:23:36'),(29,10,'192.168.1.100','20141202','16:35:51','20141202','16:36:04'),(30,10,'192.168.1.100','20141202','16:38:31','20141202','16:38:40'),(31,10,'192.168.1.100','20141202','16:40:26','20141202','16:42:32'),(32,10,'192.168.1.100','20141202','16:43:02','20141202','16:43:33'),(33,10,'192.168.1.100','20141202','16:47:36','20141202','16:48:09'),(34,10,'192.168.1.100','20141202','16:48:33','20141202','16:48:43'),(35,10,'192.168.1.100','20141202','16:49:25','20141202','16:49:35'),(36,10,'192.168.1.100','20141202','16:50:23','20141202','16:50:36'),(37,10,'192.168.1.100','20141202','16:51:13','20141202','16:55:51'),(38,10,'192.168.1.100','20141202','19:48:14',NULL,NULL),(39,10,'192.168.1.100','20141203','14:46:30',NULL,NULL),(40,10,'192.168.1.100','20141203','14:50:04',NULL,NULL),(41,10,'192.168.1.100','20141203','14:53:53',NULL,NULL),(42,10,'192.168.1.100','20141203','15:04:31',NULL,NULL),(43,10,'192.168.1.100','20141203','15:09:45','20141203','15:11:54'),(44,10,'192.168.1.100','20141203','15:16:14','20141203','15:17:01'),(45,10,'192.168.1.100','20141203','15:24:44','20141203','15:25:30'),(46,10,'192.168.1.100','20141203','15:28:41','20141203','15:32:36'),(47,10,'192.168.1.100','20141203','15:33:30',NULL,NULL),(48,10,'192.168.1.100','20141203','15:46:28','20141203','15:47:04'),(49,10,'192.168.1.100','20141203','15:50:49','20141203','15:52:10'),(50,10,'192.168.1.100','20141203','15:54:38','20141203','15:56:05'),(51,10,'192.168.1.100','20141203','16:03:21','20141203','16:04:33'),(52,10,'192.168.1.100','20141203','16:09:44','20141203','16:17:35'),(53,10,'192.168.1.100','20141203','16:26:31','20141203','16:30:53'),(54,10,'192.168.1.100','20141203','16:37:50','20141203','16:38:00'),(55,10,'192.168.1.100','20141204','15:23:49','20141204','15:27:10'),(56,10,'192.168.1.100','20141204','15:32:29','20141204','15:36:15'),(57,10,'192.168.1.100','20141204','15:38:38',NULL,NULL),(58,10,'192.168.1.100','20141204','16:06:31','20141204','16:07:24'),(59,10,'192.168.1.100','20141204','16:43:10','20141204','16:46:00'),(60,10,'192.168.1.100','20141204','16:46:26','20141204','16:46:48'),(61,10,'192.168.1.100','20141204','16:49:41','20141204','16:51:01'),(62,10,'192.168.1.100','20141204','16:51:22','20141204','16:52:07'),(63,10,'192.168.1.100','20141205','08:50:15',NULL,NULL),(64,10,'192.168.1.100','20141205','09:39:36','20141205','09:39:47'),(65,10,'192.168.1.100','20141205','09:41:07','20141205','09:43:24'),(66,10,'192.168.1.100','20141205','09:43:47','20141205','09:45:11'),(67,10,'192.168.1.100','20141205','09:46:37','20141205','09:47:33'),(68,10,'192.168.1.100','20141205','09:54:42','20141205','09:54:53'),(69,10,'192.168.1.100','20141205','09:57:52','20141205','10:01:10'),(70,10,'192.168.1.100','20141205','10:02:02','20141205','10:02:48'),(71,10,'192.168.1.100','20141205','10:03:17','20141205','10:06:05'),(72,10,'192.168.1.100','20141205','10:07:47','20141205','10:08:14'),(73,10,'192.168.1.100','20141205','10:09:32','20141205','10:11:13'),(74,10,'192.168.1.100','20141205','10:11:38','20141205','10:11:59'),(75,10,'192.168.1.100','20141205','10:14:00','20141205','10:14:12'),(76,10,'192.168.1.100','20141205','10:15:58','20141205','10:16:38'),(77,10,'192.168.1.100','20141205','10:17:51','20141205','10:17:59'),(78,10,'192.168.1.100','20141205','10:18:44','20141205','10:20:53'),(79,10,'192.168.1.100','20141205','10:21:15','20141205','10:21:19'),(80,10,'192.168.1.100','20141205','10:22:37',NULL,NULL),(81,10,'192.168.1.100','20141205','10:47:23','20141205','10:47:43'),(82,10,'192.168.1.100','20141205','10:48:37','20141205','10:49:09'),(83,10,'192.168.1.100','20141205','10:51:04','20141205','10:51:31'),(84,10,'192.168.1.100','20141205','10:52:07','20141205','10:52:10'),(85,10,'192.168.1.100','20141205','10:54:19',NULL,NULL),(86,10,'192.168.1.100','20141205','11:09:01','20141205','11:09:32'),(87,10,'192.168.1.100','20141205','11:11:39','20141205','11:12:25'),(88,10,'192.168.1.100','20141205','11:23:40','20141205','11:24:31'),(89,10,'192.168.1.100','20141205','11:29:16','20141205','11:29:34'),(90,10,'192.168.1.100','20141205','11:30:36','20141205','11:31:21'),(91,10,'192.168.1.100','20141205','11:32:12','20141205','11:32:38'),(92,10,'192.168.1.100','20141205','11:34:55','20141205','11:35:30'),(93,10,'192.168.1.100','20141205','15:00:16','20141205','15:01:24'),(94,10,'192.168.1.100','20141205','15:09:03','20141205','15:10:24'),(95,10,'192.168.1.100','20141205','15:31:25','20141205','15:36:39'),(96,10,'192.168.1.100','20141205','15:37:34','20141205','15:44:51'),(97,10,'192.168.1.100','20141205','15:50:25','20141205','15:53:24'),(98,10,'192.168.1.100','20141205','15:54:41','20141205','15:56:35'),(99,10,'192.168.1.100','20141205','15:57:11','20141205','15:58:32'),(100,10,'192.168.1.100','20141205','16:00:16','20141205','16:00:48'),(101,10,'192.168.1.100','20141205','16:01:54','20141205','16:02:08'),(102,10,'192.168.1.100','20141205','16:05:25','20141205','16:07:29'),(103,10,'192.168.1.100','20141205','16:07:51',NULL,NULL),(104,10,'192.168.1.100','20141205','16:52:11',NULL,NULL),(105,10,'192.168.1.100','20141205','16:53:29',NULL,NULL),(106,10,'192.168.1.100','20141205','17:07:04','20141205','17:14:52'),(107,10,'192.168.1.100','20141205','17:16:55','20141205','17:20:01'),(108,10,'192.168.1.100','20141205','17:24:36','20141205','17:25:49'),(109,10,'192.168.1.100','20141205','17:24:47','20141205','17:25:51');
/*!40000 ALTER TABLE `storeSessions` ENABLE KEYS */;
UNLOCK TABLES;

--
-- Table structure for table `storeUsers`
--

DROP TABLE IF EXISTS `storeUsers`;
/*!40101 SET @saved_cs_client     = @@character_set_client */;
/*!40101 SET character_set_client = utf8 */;
CREATE TABLE `storeUsers` (
  `id` tinytext NOT NULL,
  `password` tinytext,
  `tel` tinytext,
  `email` tinytext,
  `storeID` int(11) DEFAULT NULL,
  PRIMARY KEY (`id`(12))
) ENGINE=InnoDB DEFAULT CHARSET=utf8;
/*!40101 SET character_set_client = @saved_cs_client */;

--
-- Dumping data for table `storeUsers`
--

LOCK TABLES `storeUsers` WRITE;
/*!40000 ALTER TABLE `storeUsers` DISABLE KEYS */;
INSERT INTO `storeUsers` VALUES ('48haodian','5d93ceb70e2bf5daa84ec3d0cd2c731a','13552566223','',21),('guoludedian','5d93ceb70e2bf5daa84ec3d0cd2c731a','13810588555','',22),('midiexiang','5d93ceb70e2bf5daa84ec3d0cd2c731a','15920375082','',20),('mytest','5d93ceb70e2bf5daa84ec3d0cd2c731a','13123452344','su@126.com',19),('test10','5d93ceb70e2bf5daa84ec3d0cd2c731a','13425350593','snl1982@sina.com',10),('test12','5d93ceb70e2bf5daa84ec3d0cd2c731a','18910268273','snl1982@126.com',12),('test13','5d93ceb70e2bf5daa84ec3d0cd2c731a','13426350593','snl19821@126.com',13),('test14','5d93ceb70e2bf5daa84ec3d0cd2c731a','13423333451','test3@126.com',14),('test15','5d93ceb70e2bf5daa84ec3d0cd2c731a','','',15),('test16','5d93ceb70e2bf5daa84ec3d0cd2c731a','13445671234','snl1982@unicorechina.com',16),('test18','5d93ceb70e2bf5daa84ec3d0cd2c731a','13567890234','test6@unicorechina.com',20),('test25','5d93ceb70e2bf5daa84ec3d0cd2c731a','','',24),('test7','5d93ceb70e2bf5daa84ec3d0cd2c731a','13678234567','test7@unicorechina.com',21),('test8','5d93ceb70e2bf5daa84ec3d0cd2c731a','13523456788','test8@unicorechina.com',22),('test9','5d93ceb70e2bf5daa84ec3d0cd2c731a','13789101256','test9@unicorechina.com',19),('testtest','5d93ceb70e2bf5daa84ec3d0cd2c731a','','',25),('yangguang','5d93ceb70e2bf5daa84ec3d0cd2c731a','13426453456','',19);
/*!40000 ALTER TABLE `storeUsers` ENABLE KEYS */;
UNLOCK TABLES;

--
-- Table structure for table `stores`
--

DROP TABLE IF EXISTS `stores`;
/*!40101 SET @saved_cs_client     = @@character_set_client */;
/*!40101 SET character_set_client = utf8 */;
CREATE TABLE `stores` (
  `storeID` int(11) NOT NULL,
  `storeName` tinytext COLLATE utf8_bin,
  `beaconID` int(11) DEFAULT NULL,
  `notification` text COLLATE utf8_bin,
  `tel` tinytext COLLATE utf8_bin,
  `contact` tinytext COLLATE utf8_bin,
  `email` tinytext COLLATE utf8_bin,
  `addr` tinytext COLLATE utf8_bin,
  `cuisine` tinytext COLLATE utf8_bin,
  `businessHour` tinytext COLLATE utf8_bin,
  `logoFile` tinytext COLLATE utf8_bin,
  `description` mediumtext COLLATE utf8_bin,
  `longitude` double NOT NULL DEFAULT '0',
  `latitude` double NOT NULL DEFAULT '0',
  `supportFlag` int(11) DEFAULT '0',
  `selfTakeMealFlag` int(11) DEFAULT '0',
  `tableFlag` int(11) DEFAULT '0',
  `useBlackFont` int(11) DEFAULT '0',
  `payOption` int(11) NOT NULL DEFAULT '0',
  `chain_id` int(11) NOT NULL DEFAULT '0',
  `wifi` int(11) NOT NULL DEFAULT '0',
  `have_credit` int(11) NOT NULL DEFAULT '0',
  `have_cash` int(11) NOT NULL DEFAULT '0',
  `have_activity` int(11) NOT NULL DEFAULT '0',
  `have_groupon` int(11) NOT NULL DEFAULT '0',
  PRIMARY KEY (`storeID`),
  KEY `beaconID` (`beaconID`),
  CONSTRAINT `beaconID` FOREIGN KEY (`beaconID`) REFERENCES `beacons` (`beaconID`) ON DELETE NO ACTION ON UPDATE NO ACTION
) ENGINE=InnoDB DEFAULT CHARSET=utf8 COLLATE=utf8_bin;
/*!40101 SET character_set_client = @saved_cs_client */;

--
-- Dumping data for table `stores`
--

LOCK TABLES `stores` WRITE;
/*!40000 ALTER TABLE `stores` DISABLE KEYS */;
INSERT INTO `stores` VALUES (10,'阳光咖啡屋',NULL,NULL,'010-65552475','111','111','海淀区成府路文津国际酒店一层','咖啡厅','9:00-24:00','磨豆.jpg','阳光咖啡屋是一家复古、浪漫、韩式咖啡馆。环境宜人，闹中取静，独具风情。在这里，你不仅可以愉悦你的味蕾，还可以举办小型会议以及生日宴会包场、同时能够放松心情，享受闲适的美好时光。',116.323792,39.992264,1,0,1,0,0,1,1,1,1,0,0),(12,'地铁奶茶',NULL,NULL,'010-88083600',NULL,NULL,'北京市西城区旧鼓楼大街前马厂胡同5号（胡同口靠北）','咖啡厅','周一至周五13:30-23:00，周六、周日9:00-23:00','logo.png','地下铁奶茶，别具一格的味道，花样繁多的品种，每一种都让你爱不释口，这样的地下铁奶茶，如何让你不为之倾倒？2006年10月22日，“地下铁”靓饮速递首间一线铺面店铺在广西柳州市解放南路开业，高质低价的世界级饮品很快赢得市民心仪，顾客长龙排到步行街中央的情景至今让人难忘，由于店铺狭小出品慢，2007年情人节一度出现顾客需等待一个小时才能买到“地下铁”饮品的盛况。平均每秒钟，“地下铁”靓饮速递全国各地就会卖出4杯世界级饮品。',116.400173,39.950473,1,0,0,0,0,0,0,0,0,0,0),(13,'金巴斯咖啡',NULL,NULL,'13552678647',NULL,NULL,'西城区西直门南小街西派国际公寓2号楼2-106室','咖啡厅','10:30-21:00','金巴斯.jpg','金巴斯咖啡源于瑞士阿尔卑斯山下的一个小镇。金巴斯咖啡文化成功拥有并平衡了法国的浪漫、德国的严谨以及意大利的创意——正是瑞士人追求平衡与完美的精神让金巴斯咖啡“活”了起来，跳跃在世界三分之一人口的唇齿之间，悄悄改变、影响着你、我、他的生活方式，甚至人生态度。\n品质——塑造文化\n金巴斯始终将每项产品的品质放在第一位。每一道繁琐的工序，每一次精雕细琢的烹调，只为最原汁原味的异国餐饮及文化品味体验带给每位顾客。\n服务——彰显价值\n完善的服务是商家最好的宣传名片，金巴斯本着以人本及对每位客户认真、负责的态度，以至诚、感恩、热情的细节服务，彰显金巴斯品牌的文化及价值。\n专业——成就卓越\n惟其专，才能立，惟其立，方可业，金巴斯以丰富的咖啡连锁经营、管理理念和精良的研磨、制造技术，为每位客户提供最卓越的产品，为每位加盟商提供最安心、无忧的一站式科学管理服务。',116.365729,39.935108,1,0,0,0,0,0,0,0,0,0,0),(14,'Mr. CAT',NULL,NULL,'18618152027',NULL,NULL,'西城区鼓楼大街119号','咖啡厅','09:00-20:00','logo.png','Mr. CAT是一家位于旧鼓楼大街的猫猫主题咖啡厅，标示性的霓虹牌子写着“莫吉托”。店内摆着好多可爱的猫猫，适合有情调的和喜欢猫咪的时尚族群。',116.402464,39.941484,1,0,0,0,0,0,0,0,0,0,0),(15,'丸子土豆咖啡馆',NULL,NULL,'15201206525',NULL,NULL,'旧鼓楼大街张旺胡同39号','咖啡厅','10:00-21:00','logo.png','丸子土豆是一家传统与现代，复古与小清新咖啡馆。把吃吃喝喝当做事业是每一个吃货的梦想。小店的主人期望梦想变为现实，这间小小的咖啡馆，有咖啡、奶茶、补丁、甜点，偶尔放慢脚步，享受恬静的时光，来感受家的温馨与浪漫……',116.400663,39.950978,1,0,0,0,0,0,0,0,0,0,0),(16,'品味·兰卡',NULL,NULL,'010-88358348',NULL,NULL,'北京市西城区西直门外大街102-4号205','咖啡厅','10:00-21:00','logo.png','      斯里卡兰——印度洋的一颗珍珠，这里的生活不焦躁，也不亢奋，在航洋，在旷野，人们与自然和谐共生，行走其中，感觉如同品味一杯60°的西兰红茶，质朴，清香，温暖。被马可波罗认为是美丽的岛屿，美丽绝伦的海滨，拥有的不仅仅是最美丽的印度洋与海滩，更有热带植被覆盖率超过百分之九十八的自然风光遗产，如果这些还不够让你动心，那么斯里兰卡慎密测算古城，2500多年的历史古迹，以及宗教国家度测的文化魅力。\n      本店重要经营纯进口西兰红茶，茶的种植基地位于斯里兰卡的中央高低和南部低地，茶叶安胜场的海拔高度不同分为三类，即高地茶、中段茶和低地茶。西兰红茶的6各产区包括乌瓦UVA、乌达普沙拉瓦Uda Pussellawa、努瓦纳艾利Nuwara Eliya、卢哈纳Ruhuna、坎迪Kandy、迪不拉Dimbula等，各产地因海拔高度、气温、适度的不同，均有不同的特色。\n',116.354249,39.944603,1,0,0,0,0,0,0,0,0,0,0),(18,'楼里咖啡',NULL,NULL,'010-88333663',NULL,NULL,'西城区西直门外大街18号金贸大厦A座2层227号','咖啡厅','周一到周五8:00-22:00，周末10:00-22:00','logo.png','西直门排名第一的Cafe，位置较为隐秘，因为隐藏在金贸大厦A座里面，所以叫楼里咖啡，也因为隐秘所以会吸引到一群喜欢发掘新奇东西的朋友。\n在各大网站上的排名均为本区域第一。',0,0,0,0,0,0,0,0,0,0,0,0,0),(20,'Rosemary迷蝶香',NULL,NULL,'13810722033',NULL,NULL,'北京市东城区安定门大街五道营胡同61号','咖啡厅','13:00-21:00','QQ截图20141123114134.png','“Rosemary迷蝶香”生活馆主营手工香草饼干（迷迭香口味）、咖啡、家居生活饰品，“迷蝶香”取迷迭香之意，因迷迭香有特殊的芳香，有“海上灯塔”之美誉，它的香气可以为出海的水手指引回家的路；我们希望我们的香草饼干和咖啡的味道不仅可以带你寻找自己，更可以让蝴蝶都随之飞舞。 \n     “Rosemary迷蝶香”的咖啡，使用有机咖啡豆，无论是花式咖啡还是单品咖啡，我们都用心的为您制作并呈现一杯健康、完美品质、温暖的咖啡。店内还有用独特意式咖啡做法的Rooibos tea系列饮品，天然不含咖啡因也是不错的选择。 \n迷迭香的花语为回忆，［亲爱的，我们在这里期待与您一起回忆，记忆中永远的醇香味道和迷人芳香］ \n“Rosemary living museum\" mainly offers handmade herbal cookies (Rosemary flavour), coffee and household assessories. Our living museum takes the name of \"Rosemary\" since rosemary comes along with special aroma, and is honored as “the lighthouse of sea”. The aroma of Rosemary can lead the way home for the saliors; we do hope our herbal cookies and coffee not only let you discovering yourself more, same as making butterflies fluttering and dancing in the air.\n\"Rosemary\" uses organic coffee beans for all coffee. We strive for the excellence to prepare every cup of coffee, ensuring the coffee is healthy, perfect quality and warm from the heart. We also offers a natural and caffeine-free - \"Rooibos tea\" by using unique espresso brewing technique, it is definitely another good choice. \n[Forever mellow taste,amazing smell in memories, my dears, we are always here for waiting!] ',0,0,0,1,0,0,0,0,0,0,0,0,0),(21,'五道营胡同48号店',NULL,NULL,'13552566223',NULL,NULL,'东城区雍和宫五道营胡同48号','咖啡厅','14:00-24:00','IMG_2627.JPG','本店名取自地理位置，让人简单好记，同时经营多种饮品及小吃。',0,0,0,0,0,0,0,0,0,0,0,0,0),(22,'郭庐的店',NULL,NULL,'13810588555',NULL,NULL,'东城区雍和宫五道营胡同47-1号','咖啡厅','11:00-22:00','QQ截图20141124165414.png',NULL,0,0,0,0,0,0,0,0,0,0,0,0,0),(23,'YOLO CAKE',NULL,NULL,'010-59003001',NULL,NULL,'建外SOHO西区17号楼一层1716','咖啡厅','10：00-23：00','',NULL,0,0,1,0,0,0,0,0,0,0,0,0,0),(24,NULL,NULL,NULL,NULL,NULL,NULL,NULL,NULL,NULL,NULL,NULL,0,0,0,0,0,0,0,0,0,0,0,0,0),(25,NULL,NULL,NULL,NULL,NULL,NULL,NULL,NULL,NULL,NULL,NULL,0,0,0,0,0,0,0,0,0,0,0,0,0);
/*!40000 ALTER TABLE `stores` ENABLE KEYS */;
UNLOCK TABLES;

--
-- Table structure for table `user_QQ`
--

DROP TABLE IF EXISTS `user_QQ`;
/*!40101 SET @saved_cs_client     = @@character_set_client */;
/*!40101 SET character_set_client = utf8 */;
CREATE TABLE `user_QQ` (
  `userID` int(11) NOT NULL,
  `QQ` text COLLATE utf8_bin NOT NULL,
  PRIMARY KEY (`userID`)
) ENGINE=InnoDB DEFAULT CHARSET=utf8 COLLATE=utf8_bin;
/*!40101 SET character_set_client = @saved_cs_client */;

--
-- Dumping data for table `user_QQ`
--

LOCK TABLES `user_QQ` WRITE;
/*!40000 ALTER TABLE `user_QQ` DISABLE KEYS */;
/*!40000 ALTER TABLE `user_QQ` ENABLE KEYS */;
UNLOCK TABLES;

--
-- Table structure for table `user_login`
--

DROP TABLE IF EXISTS `user_login`;
/*!40101 SET @saved_cs_client     = @@character_set_client */;
/*!40101 SET character_set_client = utf8 */;
CREATE TABLE `user_login` (
  `userID` int(11) NOT NULL,
  `username` text COLLATE utf8_bin NOT NULL,
  `password` text COLLATE utf8_bin NOT NULL,
  PRIMARY KEY (`userID`)
) ENGINE=InnoDB DEFAULT CHARSET=utf8 COLLATE=utf8_bin;
/*!40101 SET character_set_client = @saved_cs_client */;

--
-- Dumping data for table `user_login`
--

LOCK TABLES `user_login` WRITE;
/*!40000 ALTER TABLE `user_login` DISABLE KEYS */;
INSERT INTO `user_login` VALUES (113,'18501045154','CF814721358D09942B255746542AD2A4'),(115,'18501045155','CF814721358D09942B255746542AD2A4'),(116,'18612345687','CF814721358D09942B255746542AD2A4'),(117,'18612345678','CF814721358D09942B255746542AD2A4'),(118,'18687654321','CF814721358D09942B255746542AD2A4'),(119,'18501011111','CF814721358D09942B255746542AD2A4'),(123,'18612852855','E6CEF62608771E375FCF21E6902009C7'),(130,'13001001000','CF814721358D09942B255746542AD2A4'),(155,'15920375082','FAF0F48B7C1D5D59253E233876E0DE5D'),(156,'15321308789','2669B571E155E4DA6FC29FA61723A951'),(158,'18611079997','A59749D1012F6957AB654701428A9A9F'),(159,'18501045153','D17F76F2791CD7225C665AB91B865701');
/*!40000 ALTER TABLE `user_login` ENABLE KEYS */;
UNLOCK TABLES;

--
-- Table structure for table `verification_code`
--

DROP TABLE IF EXISTS `verification_code`;
/*!40101 SET @saved_cs_client     = @@character_set_client */;
/*!40101 SET character_set_client = utf8 */;
CREATE TABLE `verification_code` (
  `tel` varchar(11) COLLATE utf8_bin NOT NULL,
  `code` text COLLATE utf8_bin NOT NULL,
  PRIMARY KEY (`tel`)
) ENGINE=InnoDB DEFAULT CHARSET=utf8 COLLATE=utf8_bin;
/*!40101 SET character_set_client = @saved_cs_client */;

--
-- Dumping data for table `verification_code`
--

LOCK TABLES `verification_code` WRITE;
/*!40000 ALTER TABLE `verification_code` DISABLE KEYS */;
INSERT INTO `verification_code` VALUES ('15321308789','3707');
/*!40000 ALTER TABLE `verification_code` ENABLE KEYS */;
UNLOCK TABLES;
/*!40103 SET TIME_ZONE=@OLD_TIME_ZONE */;

/*!40101 SET SQL_MODE=@OLD_SQL_MODE */;
/*!40014 SET FOREIGN_KEY_CHECKS=@OLD_FOREIGN_KEY_CHECKS */;
/*!40014 SET UNIQUE_CHECKS=@OLD_UNIQUE_CHECKS */;
/*!40101 SET CHARACTER_SET_CLIENT=@OLD_CHARACTER_SET_CLIENT */;
/*!40101 SET CHARACTER_SET_RESULTS=@OLD_CHARACTER_SET_RESULTS */;
/*!40101 SET COLLATION_CONNECTION=@OLD_COLLATION_CONNECTION */;
/*!40111 SET SQL_NOTES=@OLD_SQL_NOTES */;

-- Dump completed on 2014-12-08  0:42:30
